YearStart,LocationDesc,Question,Amount,LocationID
2016,Nevada,Per capita alcohol consumption,3.5,32
2014,New York,Per capita alcohol consumption,2.2,36
2019,Arizona,Per capita alcohol consumption,2.2,4
2018,Puerto Rico,Per capita alcohol consumption,,72
2010,Maryland,Per capita alcohol consumption,2.2,24
2018,Kentucky,Per capita alcohol consumption,2.0,21
2018,Oklahoma,Per capita alcohol consumption,1.9,40
2014,Iowa,Per capita alcohol consumption,2.4,19
2019,Oklahoma,Per capita alcohol consumption,1.8,40
2014,Washington,Per capita alcohol consumption,2.3,53
2019,Illinois,Per capita alcohol consumption,2.4,17
2010,Florida,Per capita alcohol consumption,2.5,12
2020,Alabama,Per capita alcohol consumption,2.08,1
2014,District of Columbia,Per capita alcohol consumption,3.9,11
2018,Hawaii,Per capita alcohol consumption,2.7,15
2016,Virginia,Per capita alcohol consumption,2.1,51
2014,New Jersey,Per capita alcohol consumption,2.4,34
2016,New Jersey,Per capita alcohol consumption,2.3,34
2020,Montana,Per capita alcohol consumption,3.32,30
2016,Wyoming,Per capita alcohol consumption,2.7,56
2019,Pennsylvania,Per capita alcohol consumption,2.4,42
2016,California,Per capita alcohol consumption,2.3,6
2020,Kentucky,Per capita alcohol consumption,2.12,21
2016,Massachusetts,Per capita alcohol consumption,2.6,25
2019,South Dakota,Per capita alcohol consumption,2.4,46
2010,North Dakota,Per capita alcohol consumption,2.9,38
2010,Illinois,Per capita alcohol consumption,2.3,17
2020,Nebraska,Per capita alcohol consumption,2.17,31
2020,Wisconsin,Per capita alcohol consumption,3.11,55
2020,Delaware,Per capita alcohol consumption,4.01,10
2019,Florida,Per capita alcohol consumption,2.7,12
2019,West Virginia,Per capita alcohol consumption,1.8,54
2020,Arkansas,Per capita alcohol consumption,1.92,5
2019,Michigan,Per capita alcohol consumption,2.4,26
2020,Pennsylvania,Per capita alcohol consumption,2.32,42
2018,New Hampshire,Per capita alcohol consumption,4.7,33
2010,Pennsylvania,Per capita alcohol consumption,2.2,42
2019,Connecticut,Per capita alcohol consumption,2.5,9
2020,Massachusetts,Per capita alcohol consumption,2.62,25
2010,Montana,Per capita alcohol consumption,2.9,30
2014,Mississippi,Per capita alcohol consumption,2.2,28
2010,New Mexico,Per capita alcohol consumption,2.3,35
2010,Colorado,Per capita alcohol consumption,2.7,8
2018,West Virginia,Per capita alcohol consumption,1.7,54
2018,Idaho,Per capita alcohol consumption,2.9,16
2010,Virgin Islands,Per capita alcohol consumption,,78
2014,Virginia,Per capita alcohol consumption,2.1,51
2010,South Dakota,Per capita alcohol consumption,2.7,46
2016,Georgia,Per capita alcohol consumption,1.9,13
2016,Alabama,Per capita alcohol consumption,2.0,1
2018,Nebraska,Per capita alcohol consumption,2.2,31
2018,Arkansas,Per capita alcohol consumption,1.8,5
2019,New Mexico,Per capita alcohol consumption,2.3,35
2014,South Carolina,Per capita alcohol consumption,2.3,45
2018,Minnesota,Per capita alcohol consumption,2.8,27
2010,Kansas,Per capita alcohol consumption,2.0,20
2018,Guam,Per capita alcohol consumption,,66
2020,Texas,Per capita alcohol consumption,2.41,48
2020,Ohio,Per capita alcohol consumption,2.12,39
2010,Hawaii,Per capita alcohol consumption,2.5,15
2010,Arizona,Per capita alcohol consumption,2.4,4
2014,Rhode Island,Per capita alcohol consumption,2.4,44
2019,Guam,Per capita alcohol consumption,,66
2019,Montana,Per capita alcohol consumption,3.2,30
2010,Louisiana,Per capita alcohol consumption,2.5,22
2019,Wisconsin,Per capita alcohol consumption,3.0,55
2019,Iowa,Per capita alcohol consumption,2.4,19
2016,Utah,Per capita alcohol consumption,1.3,49
2020,South Dakota,Per capita alcohol consumption,2.34,46
2016,Delaware,Per capita alcohol consumption,3.7,10
2016,Oregon,Per capita alcohol consumption,2.8,41
2020,Oklahoma,Per capita alcohol consumption,1.85,40
2014,Vermont,Per capita alcohol consumption,3.1,50
2014,Maine,Per capita alcohol consumption,2.7,23
2016,Kansas,Per capita alcohol consumption,1.9,20
2014,Missouri,Per capita alcohol consumption,2.4,29
2014,Connecticut,Per capita alcohol consumption,2.4,9
2014,Florida,Per capita alcohol consumption,2.6,12
2014,Maryland,Per capita alcohol consumption,2.2,24
2010,Delaware,Per capita alcohol consumption,3.1,10
2019,Alaska,Per capita alcohol consumption,2.9,2
2019,Maine,Per capita alcohol consumption,2.9,23
2019,Kentucky,Per capita alcohol consumption,2.0,21
2014,Tennessee,Per capita alcohol consumption,2.0,47
2019,Hawaii,Per capita alcohol consumption,2.7,15
2010,Nebraska,Per capita alcohol consumption,2.3,31
2010,Wisconsin,Per capita alcohol consumption,2.8,55
2020,Indiana,Per capita alcohol consumption,2.34,18
2016,Oklahoma,Per capita alcohol consumption,1.9,40
2019,South Carolina,Per capita alcohol consumption,2.1,45
2019,Minnesota,Per capita alcohol consumption,2.8,27
2020,Mississippi,Per capita alcohol consumption,2.39,28
2020,Virginia,Per capita alcohol consumption,2.27,51
2018,Virgin Islands,Per capita alcohol consumption,,78
2020,New York,Per capita alcohol consumption,2.22,36
2020,Georgia,Per capita alcohol consumption,1.91,13
2020,Oregon,Per capita alcohol consumption,2.71,41
2020,Wyoming,Per capita alcohol consumption,2.94,56
2019,Arkansas,Per capita alcohol consumption,1.8,5
2014,Montana,Per capita alcohol consumption,3.1,30
2016,District of Columbia,Per capita alcohol consumption,3.9,11
2014,Virgin Islands,Per capita alcohol consumption,,78
2020,Kansas,Per capita alcohol consumption,2.12,20
2018,Massachusetts,Per capita alcohol consumption,2.6,25
2020,Tennessee,Per capita alcohol consumption,2.3,47
2014,Minnesota,Per capita alcohol consumption,2.8,27
2014,Illinois,Per capita alcohol consumption,2.3,17
2016,Iowa,Per capita alcohol consumption,2.4,19
2016,Washington,Per capita alcohol consumption,2.3,53
2016,Texas,Per capita alcohol consumption,2.3,48
2016,New York,Per capita alcohol consumption,2.2,36
2010,New Jersey,Per capita alcohol consumption,2.4,34
2016,Michigan,Per capita alcohol consumption,2.3,26
2010,Arkansas,Per capita alcohol consumption,1.8,5
2019,Puerto Rico,Per capita alcohol consumption,,72
2018,Wyoming,Per capita alcohol consumption,2.8,56
2019,Mississippi,Per capita alcohol consumption,2.2,28
2018,California,Per capita alcohol consumption,2.5,6
2018,Rhode Island,Per capita alcohol consumption,2.6,44
2018,Georgia,Per capita alcohol consumption,1.9,13
2018,North Dakota,Per capita alcohol consumption,3.2,38
2018,Virginia,Per capita alcohol consumption,2.1,51
2018,New Jersey,Per capita alcohol consumption,2.4,34
2016,West Virginia,Per capita alcohol consumption,1.8,54
2020,North Carolina,Per capita alcohol consumption,2.31,37
2014,South Dakota,Per capita alcohol consumption,2.7,46
2018,Texas,Per capita alcohol consumption,2.3,48
2018,Michigan,Per capita alcohol consumption,2.4,26
2010,Ohio,Per capita alcohol consumption,2.0,39
2019,Tennessee,Per capita alcohol consumption,2.2,47
2016,New Hampshire,Per capita alcohol consumption,4.8,33
2019,Indiana,Per capita alcohol consumption,2.2,18
2019,Louisiana,Per capita alcohol consumption,2.6,22
2016,Rhode Island,Per capita alcohol consumption,2.6,44
2010,Mississippi,Per capita alcohol consumption,2.2,28
2018,New Mexico,Per capita alcohol consumption,2.3,35
2014,Colorado,Per capita alcohol consumption,2.8,8
2014,New Mexico,Per capita alcohol consumption,2.4,35
2016,Idaho,Per capita alcohol consumption,2.9,16
2010,Virginia,Per capita alcohol consumption,2.1,51
2018,Wisconsin,Per capita alcohol consumption,2.9,55
2014,Idaho,Per capita alcohol consumption,2.8,16
2020,North Dakota,Per capita alcohol consumption,3.26,38
2020,Washington,Per capita alcohol consumption,2.26,53
2018,Pennsylvania,Per capita alcohol consumption,2.3,42
2020,Alaska,Per capita alcohol consumption,2.83,2
2018,Arizona,Per capita alcohol consumption,2.3,4
2010,Vermont,Per capita alcohol consumption,2.7,50
2010,Kentucky,Per capita alcohol consumption,1.8,21
2014,North Carolina,Per capita alcohol consumption,2.1,37
2010,Maine,Per capita alcohol consumption,2.5,23
2020,Michigan,Per capita alcohol consumption,2.53,26
2019,Nebraska,Per capita alcohol consumption,2.2,31
2020,Florida,Per capita alcohol consumption,2.74,12
2019,Ohio,Per capita alcohol consumption,2.1,39
2014,Nevada,Per capita alcohol consumption,3.4,32
2010,South Carolina,Per capita alcohol consumption,2.3,45
2016,Missouri,Per capita alcohol consumption,2.5,29
2010,Connecticut,Per capita alcohol consumption,2.4,9
2014,Utah,Per capita alcohol consumption,1.4,49
2016,Guam,Per capita alcohol consumption,,66
2018,Oregon,Per capita alcohol consumption,2.7,41
2014,Puerto Rico,Per capita alcohol consumption,,72
2018,Iowa,Per capita alcohol consumption,2.4,19
2019,Utah,Per capita alcohol consumption,1.3,49
2016,Illinois,Per capita alcohol consumption,2.3,17
2014,Wisconsin,Per capita alcohol consumption,3.0,55
2014,Nebraska,Per capita alcohol consumption,2.3,31
2014,Delaware,Per capita alcohol consumption,3.6,10
2019,Georgia,Per capita alcohol consumption,1.9,13
2019,Missouri,Per capita alcohol consumption,2.6,29
2020,Arizona,Per capita alcohol consumption,2.24,4
2020,Utah,Per capita alcohol consumption,1.36,49
2018,Vermont,Per capita alcohol consumption,3.1,50
2018,Alaska,Per capita alcohol consumption,2.9,2
2018,Maine,Per capita alcohol consumption,2.9,23
2020,Missouri,Per capita alcohol consumption,2.68,29
2010,Minnesota,Per capita alcohol consumption,2.4,27
2010,West Virginia,Per capita alcohol consumption,1.8,54
2016,Virgin Islands,Per capita alcohol consumption,,78
2014,Texas,Per capita alcohol consumption,2.2,48
2020,New Jersey,Per capita alcohol consumption,2.63,34
2019,New Jersey,Per capita alcohol consumption,2.4,34
2010,Puerto Rico,Per capita alcohol consumption,,72
2019,Nevada,Per capita alcohol consumption,3.4,32
2014,Michigan,Per capita alcohol consumption,2.3,26
2019,Wyoming,Per capita alcohol consumption,2.8,56
2016,Colorado,Per capita alcohol consumption,2.8,8
2020,Rhode Island,Per capita alcohol consumption,2.71,44
2016,Montana,Per capita alcohol consumption,3.1,30
2019,Massachusetts,Per capita alcohol consumption,2.6,25
2010,New Hampshire,Per capita alcohol consumption,4.4,33
2020,Louisiana,Per capita alcohol consumption,2.59,22
2010,Tennessee,Per capita alcohol consumption,1.9,47
2020,Iowa,Per capita alcohol consumption,2.5,19
2014,Oklahoma,Per capita alcohol consumption,1.9,40
2016,North Dakota,Per capita alcohol consumption,3.3,38
2018,Washington,Per capita alcohol consumption,2.2,53
2010,Indiana,Per capita alcohol consumption,2.0,18
2010,Oregon,Per capita alcohol consumption,2.5,41
2010,Georgia,Per capita alcohol consumption,2.0,13
2010,Wyoming,Per capita alcohol consumption,2.6,56
2014,Arkansas,Per capita alcohol consumption,1.8,5
2018,South Carolina,Per capita alcohol consumption,2.2,45
2018,District of Columbia,Per capita alcohol consumption,3.8,11
2020,Maine,Per capita alcohol consumption,2.99,23
2014,Alaska,Per capita alcohol consumption,2.8,2
2019,Virginia,Per capita alcohol consumption,2.2,51
2018,New York,Per capita alcohol consumption,2.2,36
2018,Louisiana,Per capita alcohol consumption,2.6,22
2018,Mississippi,Per capita alcohol consumption,2.2,28
2019,California,Per capita alcohol consumption,2.6,6
2016,Maryland,Per capita alcohol consumption,2.2,24
2014,California,Per capita alcohol consumption,2.3,6
2010,Idaho,Per capita alcohol consumption,2.7,16
2019,North Carolina,Per capita alcohol consumption,2.2,37
2019,Vermont,Per capita alcohol consumption,3.1,50
2019,Oregon,Per capita alcohol consumption,2.7,41
2018,Ohio,Per capita alcohol consumption,2.0,39
2020,South Carolina,Per capita alcohol consumption,2.12,45
2018,Florida,Per capita alcohol consumption,2.6,12
2020,Connecticut,Per capita alcohol consumption,2.5,9
2014,Guam,Per capita alcohol consumption,,66
2014,Massachusetts,Per capita alcohol consumption,2.6,25
2014,Ohio,Per capita alcohol consumption,2.0,39
2010,Alaska,Per capita alcohol consumption,3.0,2
2016,Louisiana,Per capita alcohol consumption,2.6,22
2010,Utah,Per capita alcohol consumption,1.4,49
2020,New Hampshire,Per capita alcohol consumption,4.83,33
2019,Delaware,Per capita alcohol consumption,3.4,10
2020,Vermont,Per capita alcohol consumption,3.22,50
2010,Nevada,Per capita alcohol consumption,3.3,32
2014,Alabama,Per capita alcohol consumption,2.0,1
2018,Missouri,Per capita alcohol consumption,2.5,29
2014,New Hampshire,Per capita alcohol consumption,4.6,33
2016,Pennsylvania,Per capita alcohol consumption,2.4,42
2018,Tennessee,Per capita alcohol consumption,2.1,47
2018,Indiana,Per capita alcohol consumption,2.2,18
2016,Arizona,Per capita alcohol consumption,2.3,4
2016,New Mexico,Per capita alcohol consumption,2.3,35
2014,West Virginia,Per capita alcohol consumption,1.8,54
2020,Illinois,Per capita alcohol consumption,2.42,17
2010,North Carolina,Per capita alcohol consumption,2.0,37
2014,Kentucky,Per capita alcohol consumption,1.9,21
2016,Wisconsin,Per capita alcohol consumption,3.0,55
2016,South Dakota,Per capita alcohol consumption,2.9,46
2016,Puerto Rico,Per capita alcohol consumption,,72
2018,Colorado,Per capita alcohol consumption,2.9,8
2020,New Mexico,Per capita alcohol consumption,2.3,35
2016,Connecticut,Per capita alcohol consumption,2.5,9
2020,Guam,Per capita alcohol consumption,,66
2014,Oregon,Per capita alcohol consumption,2.7,41
2020,California,Per capita alcohol consumption,2.63,6
2018,Maryland,Per capita alcohol consumption,2.1,24
2018,Montana,Per capita alcohol consumption,3.1,30
2016,Alaska,Per capita alcohol consumption,2.9,2
2016,Vermont,Per capita alcohol consumption,3.1,50
2016,Kentucky,Per capita alcohol consumption,2.0,21
2016,Maine,Per capita alcohol consumption,2.8,23
2010,Iowa,Per capita alcohol consumption,2.3,19
2018,Illinois,Per capita alcohol consumption,2.4,17
2016,North Carolina,Per capita alcohol consumption,2.1,37
2010,Texas,Per capita alcohol consumption,2.2,48
2010,New York,Per capita alcohol consumption,2.1,36
2010,Michigan,Per capita alcohol consumption,2.2,26
2019,Alabama,Per capita alcohol consumption,2.0,1
2019,Texas,Per capita alcohol consumption,2.3,48
2016,Mississippi,Per capita alcohol consumption,2.2,28
2020,Colorado,Per capita alcohol consumption,2.97,8
2016,South Carolina,Per capita alcohol consumption,2.2,45
2020,Virgin Islands,Per capita alcohol consumption,,78
2014,North Dakota,Per capita alcohol consumption,3.4,38
2019,Kansas,Per capita alcohol consumption,2.0,20
2019,District of Columbia,Per capita alcohol consumption,3.8,11
2014,Georgia,Per capita alcohol consumption,2.0,13
2018,Nevada,Per capita alcohol consumption,3.4,32
2014,Wyoming,Per capita alcohol consumption,2.7,56
2020,Puerto Rico,Per capita alcohol consumption,,72
2010,District of Columbia,Per capita alcohol consumption,3.8,11
2019,Maryland,Per capita alcohol consumption,2.0,24
2020,Minnesota,Per capita alcohol consumption,2.85,27
2016,Hawaii,Per capita alcohol consumption,2.6,15
2010,Oklahoma,Per capita alcohol consumption,1.9,40
2019,New Hampshire,Per capita alcohol consumption,4.7,33
2010,Washington,Per capita alcohol consumption,2.2,53
2014,Indiana,Per capita alcohol consumption,2.0,18
2020,Nevada,Per capita alcohol consumption,3.43,32
2019,Rhode Island,Per capita alcohol consumption,2.6,44
2016,Florida,Per capita alcohol consumption,2.7,12
2016,Minnesota,Per capita alcohol consumption,2.8,27
2018,Alabama,Per capita alcohol consumption,2.0,1
2010,Guam,Per capita alcohol consumption,,66
2020,District of Columbia,Per capita alcohol consumption,3.79,11
2014,Pennsylvania,Per capita alcohol consumption,2.3,42
2016,Arkansas,Per capita alcohol consumption,1.8,5
2018,Kansas,Per capita alcohol consumption,1.9,20
2014,Kansas,Per capita alcohol consumption,1.9,20
2018,South Dakota,Per capita alcohol consumption,2.4,46
2010,California,Per capita alcohol consumption,2.2,6
2019,Washington,Per capita alcohol consumption,2.2,53
2019,North Dakota,Per capita alcohol consumption,3.2,38
2018,Delaware,Per capita alcohol consumption,3.5,10
2016,Ohio,Per capita alcohol consumption,2.0,39
2019,Idaho,Per capita alcohol consumption,2.0,16
2010,Rhode Island,Per capita alcohol consumption,2.6,44
2014,Louisiana,Per capita alcohol consumption,2.6,22
2010,Missouri,Per capita alcohol consumption,2.4,29
2020,West Virginia,Per capita alcohol consumption,1.82,54
2019,Colorado,Per capita alcohol consumption,2.8,8
2020,Idaho,Per capita alcohol consumption,2.1,16
2018,Utah,Per capita alcohol consumption,1.4,49
2018,Connecticut,Per capita alcohol consumption,2.4,9
2019,Virgin Islands,Per capita alcohol consumption,,78
2020,Hawaii,Per capita alcohol consumption,2.71,15
2014,Arizona,Per capita alcohol consumption,2.4,4
2014,Hawaii,Per capita alcohol consumption,2.6,15
2020,Maryland,Per capita alcohol consumption,2.15,24
2010,Alabama,Per capita alcohol consumption,2.0,1
2018,North Carolina,Per capita alcohol consumption,2.2,37
2016,Nebraska,Per capita alcohol consumption,2.2,31
2016,Indiana,Per capita alcohol consumption,2.2,18
2016,Tennessee,Per capita alcohol consumption,2.1,47
2010,Massachusetts,Per capita alcohol consumption,2.5,25
2019,New York,Per capita alcohol consumption,2.2,36
2021,Alabama,Obesity,40.6,1
2014,Alaska,Obesity,29.8,2
2018,Alaska,Smoking,18.7,2
2012,Alaska,Smoking,20.0,2
2018,Alaska,Obesity,29.4,2
2016,Alaska,Obesity,32.2,2
2020,Alaska,Obesity,31.8,2
2016,Alaska,Smoking,18.7,2
2011,Alaska,Healthy weight,32.1,2
2015,Alaska,Healthy weight,31.1,2
2012,Alaska,Obesity,25.7,2
2011,Alaska,Obesity,27.6,2
2014,Alaska,Smoking,19.5,2
2019,Alaska,Smoking,17.6,2
2017,Alaska,Healthy weight,31.5,2
2019,Alaska,Healthy weight,31.9,2
2021,Alaska,Smoking,17.2,2
2021,Alabama,Healthy weight,26.5,1
2013,Alaska,Healthy weight,32.7,2
2011,Alaska,Smoking,22.1,2
2013,Alaska,Smoking,22.1,2
2021,Alaska,Obesity,33.4,2
2017,Alaska,Smoking,20.9,2
2020,Alaska,Healthy weight,31.7,2
2021,Alabama,Smoking,17.9,1
2015,Alaska,Smoking,18.4,2
2018,Alaska,Healthy weight,33.6,2
2021,Alaska,Healthy weight,31.0,2
2016,Alaska,Healthy weight,31.1,2
2012,Alaska,Healthy weight,33.9,2
2014,Alaska,Healthy weight,33.7,2
2020,Alaska,Smoking,18.0,2
2013,Alaska,Obesity,28.7,2
2019,Alaska,Obesity,30.7,2
2017,Alaska,Obesity,34.7,2
2015,Alaska,Obesity,30.3,2
2021,Arkansas,Healthy weight,27.4,5
2015,Alabama,Smoking,22.1,1
2013,Alabama,Smoking,22.1,1
2019,Alabama,Obesity,36.3,1
2016,Alabama,Smoking,22.4,1
2011,Alabama,Smoking,24.6,1
2020,Alabama,Obesity,39.3,1
2018,Alabama,Obesity,36.5,1
2015,Alabama,Healthy weight,29.0,1
2012,Alabama,Smoking,24.4,1
2017,Alabama,Healthy weight,28.6,1
2019,Alabama,Healthy weight,27.7,1
2014,Alabama,Smoking,21.7,1
2013,Alabama,Healthy weight,31,1
2018,Alabama,Smoking,20.0,1
2016,Alabama,Obesity,36.1,1
2012,Alabama,Healthy weight,30.9,1
2012,Alabama,Obesity,32.8,1
2021,Arkansas,Obesity,39.3,5
2020,Alabama,Healthy weight,25.6,1
2014,Alabama,Obesity,33.9,1
2014,Alabama,Healthy weight,31.6,1
2016,Alabama,Healthy weight,28.5,1
2018,Alabama,Healthy weight,28.6,1
2017,Alabama,Smoking,21.9,1
2011,Alabama,Obesity,32.1,1
2013,Alabama,Obesity,32.4,1
2019,Alabama,Smoking,21.3,1
2017,Alabama,Obesity,36.6,1
2021,Arkansas,Smoking,21.9,5
2020,Alabama,Smoking,19.5,1
2015,Alabama,Obesity,35.9,1
2011,Alabama,Healthy weight,31.5,1
2013,Arkansas,Smoking,26.8,5
2011,Arkansas,Smoking,27.3,5
2015,Arkansas,Obesity,34.8,5
2020,Arkansas,Smoking,21.6,5
2017,Arkansas,Smoking,23.4,5
2014,Arkansas,Obesity,36.1,5
2013,Arkansas,Healthy weight,27.6,5
2017,Arkansas,Healthy weight,27.6,5
2015,Arkansas,Healthy weight,28.3,5
2012,Arkansas,Obesity,35.1,5
2019,Arkansas,Smoking,21.2,5
2011,Arkansas,Healthy weight,33.1,5
2017,Arkansas,Obesity,35.6,5
2015,Arkansas,Smoking,26.1,5
2012,Arkansas,Smoking,25.7,5
2014,Arkansas,Smoking,25.4,5
2020,Arkansas,Obesity,37.2,5
2021,Arizona,Smoking,13.5,4
2019,Arkansas,Healthy weight,27.6,5
2018,Arkansas,Smoking,23.8,5
2018,Arkansas,Obesity,37.6,5
2021,Arizona,Obesity,31.8,4
2016,Arkansas,Obesity,36.4,5
2016,Arkansas,Smoking,24.8,5
2021,Arizona,Healthy weight,29.6,4
2020,Arkansas,Healthy weight,30.9,5
2019,Arkansas,Obesity,38.0,5
2018,Arkansas,Healthy weight,27.4,5
2013,Arkansas,Obesity,35.2,5
2016,Arkansas,Healthy weight,29.7,5
2012,Arkansas,Healthy weight,29.3,5
2011,Arkansas,Obesity,30.9,5
2014,Arkansas,Healthy weight,27.5,5
2012,Arizona,Smoking,17.2,4
2021,California,Healthy weight,33.8,6
2017,Arizona,Smoking,15.9,4
2019,Arizona,Smoking,15.5,4
2015,Arizona,Smoking,14.3,4
2013,Arizona,Smoking,16.3,4
2020,Arizona,Healthy weight,31.4,4
2014,Arizona,Obesity,29.2,4
2016,Arizona,Obesity,29.5,4
2018,Arizona,Obesity,29.8,4
2013,Arizona,Obesity,26.8,4
2017,Arizona,Obesity,29.9,4
2019,Arizona,Obesity,31.9,4
2020,Arizona,Smoking,13.7,4
2015,Arizona,Obesity,28.9,4
2018,Arizona,Healthy weight,33.0,4
2011,Arizona,Obesity,25.0,4
2016,Arizona,Healthy weight,34.2,4
2012,Arizona,Healthy weight,35.4,4
2014,Arizona,Healthy weight,33.8,4
2011,Arizona,Smoking,19.3,4
2014,Arizona,Smoking,16.9,4
2021,California,Obesity,27.8,6
2020,Arizona,Obesity,31.5,4
2019,Arizona,Healthy weight,31.5,4
2021,California,Smoking,8.8,6
2012,Arizona,Obesity,26.3,4
2017,Arizona,Healthy weight,32.7,4
2018,Arizona,Smoking,14.5,4
2011,Arizona,Healthy weight,35.2,4
2015,Arizona,Healthy weight,32.3,4
2013,Arizona,Healthy weight,35.9,4
2016,Arizona,Smoking,15.2,4
2021,Colorado,Healthy weight,37.4,8
2020,California,Healthy weight,33.9,6
2018,California,Healthy weight,36.1,6
2017,California,Obesity,24.9,6
2019,California,Obesity,26.2,6
2015,California,Obesity,24.3,6
2015,California,Smoking,11.8,6
2013,California,Smoking,12.4,6
2017,California,Healthy weight,36.6,6
2017,California,Smoking,11.6,6
2019,California,Smoking,10.2,6
2019,California,Healthy weight,35.2,6
2014,California,Obesity,24.8,6
2013,California,Obesity,24.1,6
2016,California,Obesity,25.0,6
2011,California,Smoking,13.6,6
2011,California,Obesity,23.7,6
2018,California,Obesity,25.7,6
2013,California,Healthy weight,37.9,6
2011,California,Healthy weight,37.7,6
2020,California,Smoking,9.0,6
2014,California,Smoking,12.8,6
2016,California,Smoking,11.0,6
2015,California,Healthy weight,37.9,6
2018,California,Smoking,11.4,6
2012,California,Obesity,25.0,6
2012,California,Smoking,12.5,6
2012,California,Healthy weight,37.7,6
2016,California,Healthy weight,36.3,6
2020,California,Obesity,30.2,6
2021,Colorado,Smoking,12.1,8
2014,California,Healthy weight,37.8,6
2021,Colorado,Obesity,25.1,8
2017,Colorado,Obesity,22.6,8
2015,Colorado,Smoking,15.7,8
2019,Colorado,Smoking,13.7,8
2020,Colorado,Healthy weight,38.5,8
2019,Colorado,Obesity,23.6,8
2014,Colorado,Healthy weight,40.7,8
2017,Colorado,Smoking,14.7,8
2015,Colorado,Healthy weight,41.2,8
2018,Colorado,Healthy weight,39.5,8
2011,Colorado,Smoking,18.1,8
2013,Colorado,Smoking,17.6,8
2020,Colorado,Smoking,12.6,8
2021,Connecticut,Obesity,30.6,9
2015,Colorado,Obesity,20.2,8
2012,Colorado,Healthy weight,42.2,8
2013,Colorado,Obesity,21.2,8
2011,Colorado,Obesity,20.5,8
2016,Colorado,Healthy weight,39.9,8
2021,Connecticut,Smoking,11.5,9
2012,Colorado,Smoking,17.6,8
2019,Colorado,Healthy weight,39.2,8
2020,Colorado,Obesity,24.2,8
2014,Colorado,Obesity,21.2,8
2013,Colorado,Healthy weight,41.7,8
2011,Colorado,Healthy weight,41.9,8
2012,Colorado,Obesity,20.3,8
2017,Colorado,Healthy weight,39.2,8
2014,Colorado,Smoking,15.8,8
2018,Colorado,Obesity,22.8,8
2016,Colorado,Obesity,22.2,8
2018,Colorado,Smoking,14.7,8
2016,Colorado,Smoking,15.7,8
2021,Connecticut,Healthy weight,31.7,9
2012,District of Columbia,Healthy weight,44.6,11
2015,District of Columbia,Healthy weight,42.1,11
2017,Connecticut,Smoking,13.4,9
2020,Connecticut,Smoking,12.6,9
2014,District of Columbia,Obesity,22.1,11
2016,District of Columbia,Obesity,23.4,11
2012,District of Columbia,Obesity,22.6,11
2019,Connecticut,Smoking,12.6,9
2013,District of Columbia,Healthy weight,42.5,11
2019,District of Columbia,Obesity,24.4,11
2018,District of Columbia,Healthy weight,40.6,11
2020,Connecticut,Healthy weight,33.6,9
2011,District of Columbia,Healthy weight,44.6,11
2013,District of Columbia,Obesity,23.5,11
2015,District of Columbia,Obesity,23.5,11
2017,District of Columbia,Obesity,23.3,11
2017,District of Columbia,Healthy weight,42.8,11
2018,Connecticut,Smoking,12.7,9
2013,Connecticut,Smoking,16.1,9
2011,Connecticut,Obesity,24.2,9
2015,Connecticut,Smoking,13.9,9
2011,Connecticut,Smoking,17.6,9
2013,Connecticut,Obesity,24.8,9
2019,District of Columbia,Healthy weight,41.5,11
2017,Connecticut,Healthy weight,35.9,9
2015,Connecticut,Healthy weight,36.9,9
2019,Connecticut,Healthy weight,32.8,9
2017,Connecticut,Obesity,26.6,9
2021,District of Columbia,Obesity,25.2,11
2015,Connecticut,Obesity,25.0,9
2016,Connecticut,Smoking,13.6,9
2011,Connecticut,Healthy weight,39.1,9
2019,Connecticut,Obesity,29.1,9
2011,District of Columbia,Obesity,24.0,11
2013,Connecticut,Healthy weight,36.1,9
2012,Connecticut,Obesity,25.6,9
2014,Connecticut,Smoking,16.1,9
2012,Connecticut,Smoking,16.7,9
2014,Connecticut,Healthy weight,38.9,9
2014,Connecticut,Obesity,25.9,9
2021,District of Columbia,Smoking,9.5,11
2016,Connecticut,Healthy weight,37.3,9
2014,District of Columbia,Healthy weight,42.5,11
2021,District of Columbia,Healthy weight,42.8,11
2016,District of Columbia,Healthy weight,43.0,11
2018,Connecticut,Obesity,27.4,9
2020,Connecticut,Obesity,29.5,9
2016,Connecticut,Obesity,26.0,9
2018,Connecticut,Healthy weight,34.4,9
2012,Connecticut,Healthy weight,36.3,9
2018,District of Columbia,Obesity,25.4,11
2014,Delaware,Obesity,30.5,10
2011,District of Columbia,Smoking,20.3,11
2019,Delaware,Healthy weight,30.1,10
2015,District of Columbia,Smoking,15.8,11
2018,Delaware,Obesity,33.4,10
2016,Delaware,Obesity,30.7,10
2016,Delaware,Healthy weight,30.5,10
2021,Delaware,Obesity,33.8,10
2014,Delaware,Healthy weight,31.1,10
2019,District of Columbia,Smoking,12.8,11
2012,Delaware,Healthy weight,32.9,10
2017,District of Columbia,Smoking,14.6,11
2013,District of Columbia,Smoking,18.9,11
2012,District of Columbia,Smoking,19.6,11
2020,District of Columbia,Smoking,11.7,11
2011,Delaware,Healthy weight,34.9,10
2021,Delaware,Healthy weight,30.3,10
2018,District of Columbia,Smoking,13.7,11
2013,Delaware,Healthy weight,34.1,10
2014,District of Columbia,Smoking,16.4,11
2016,District of Columbia,Smoking,14.9,11
2015,Delaware,Healthy weight,32.2,10
2020,District of Columbia,Healthy weight,39.5,11
2011,Delaware,Obesity,28.7,10
2020,District of Columbia,Obesity,25.3,11
2021,Delaware,Smoking,14.3,10
2013,Delaware,Obesity,30.7,10
2018,Delaware,Healthy weight,31.6,10
2017,Delaware,Obesity,31.4,10
2012,Delaware,Obesity,26.6,10
2015,Delaware,Obesity,29.5,10
2019,Delaware,Obesity,34.2,10
2017,Delaware,Healthy weight,30.3,10
2016,Florida,Healthy weight,35.1,12
2020,Delaware,Obesity,36.2,10
2021,Florida,Obesity,,12
2020,Delaware,Healthy weight,30.1,10
2013,Florida,Obesity,26.5,12
2014,Florida,Healthy weight,36.4,12
2018,Florida,Healthy weight,32.6,12
2020,Florida,Obesity,28.3,12
2012,Florida,Healthy weight,37.0,12
2011,Florida,Obesity,26.5,12
2012,Florida,Smoking,18.5,12
2021,Florida,Healthy weight,,12
2012,Florida,Obesity,25.0,12
2021,Florida,Smoking,,12
2018,Florida,Smoking,15.1,12
2016,Florida,Obesity,27.3,12
2014,Florida,Smoking,18.6,12
2013,Delaware,Smoking,20.1,10
2014,Florida,Obesity,26.4,12
2020,Florida,Smoking,15.5,12
2011,Florida,Smoking,20.0,12
2016,Florida,Smoking,16.2,12
2019,Delaware,Smoking,16.5,10
2017,Delaware,Smoking,17.9,10
2015,Delaware,Smoking,17.7,10
2018,Florida,Obesity,30.7,12
2019,Florida,Smoking,15.4,12
2011,Florida,Healthy weight,35.4,12
2020,Delaware,Smoking,15.8,10
2011,Delaware,Smoking,22.5,10
2012,Delaware,Smoking,20.3,10
2017,Florida,Obesity,28.4,12
2013,Florida,Healthy weight,35.7,12
2015,Florida,Obesity,26.5,12
2016,Delaware,Smoking,18.1,10
2014,Delaware,Smoking,20.3,10
2018,Delaware,Smoking,17.4,10
2015,Florida,Smoking,16.4,12
2020,Florida,Healthy weight,34.8,12
2013,Florida,Smoking,17.4,12
2015,Florida,Healthy weight,34.5,12
2017,Florida,Smoking,16.8,12
2019,Florida,Obesity,26.3,12
2017,Florida,Healthy weight,34.5,12
2019,Florida,Healthy weight,34.0,12
2013,Georgia,Obesity,30.2,13
2015,Georgia,Obesity,30.5,13
2011,Georgia,Obesity,27.8,13
2021,Guam,Healthy weight,33.2,66
2017,Georgia,Obesity,31.7,13
2019,Georgia,Obesity,33.4,13
2021,Georgia,Smoking,15.6,13
2015,Georgia,Healthy weight,32.9,13
2013,Georgia,Healthy weight,32.4,13
2017,Georgia,Healthy weight,32.9,13
2021,Guam,Obesity,32.3,66
2021,Georgia,Healthy weight,29.7,13
2018,Georgia,Smoking,16.5,13
2011,Georgia,Healthy weight,35.4,13
2016,Georgia,Smoking,18.1,13
2014,Georgia,Smoking,17.4,13
2012,Georgia,Smoking,20.2,13
2020,Georgia,Healthy weight,30.9,13
2014,Georgia,Healthy weight,32.2,13
2015,Georgia,Smoking,17.7,13
2012,Georgia,Healthy weight,33.4,13
2016,Georgia,Healthy weight,32.5,13
2021,Georgia,Obesity,34.2,13
2020,Georgia,Smoking,16.3,13
2018,Georgia,Healthy weight,30.9,13
2019,Georgia,Healthy weight,30.7,13
2020,Georgia,Obesity,34.3,13
2011,Georgia,Smoking,20.9,13
2017,Georgia,Smoking,17.6,13
2019,Georgia,Smoking,16.7,13
2021,Guam,Smoking,19.8,66
2013,Georgia,Smoking,18.8,13
2014,Georgia,Obesity,30.5,13
2016,Georgia,Obesity,31.5,13
2012,Georgia,Obesity,29.0,13
2018,Georgia,Obesity,32.5,13
2020,Guam,Healthy weight,30.7,66
2012,Guam,Smoking,24.9,66
2014,Guam,Obesity,28.0,66
2015,Guam,Smoking,26.2,66
2017,Guam,Obesity,33.9,66
2019,Guam,Obesity,33.2,66
2017,Guam,Smoking,25.5,66
2020,Guam,Smoking,20.0,66
2019,Guam,Smoking,23.0,66
2015,Guam,Obesity,31.0,66
2021,Hawaii,Smoking,10.4,15
2013,Guam,Obesity,27,66
2013,Hawaii,Smoking,13.7,15
2011,Guam,Healthy weight,33.6,66
2020,Guam,Obesity,34.8,66
2015,Guam,Healthy weight,31.4,66
2011,Guam,Obesity,27.0,66
2021,Hawaii,Obesity,25.9,15
2013,Guam,Healthy weight,34.2,66
2021,Hawaii,Healthy weight,37.0,15
2011,Hawaii,Smoking,17.1,15
2011,Guam,Smoking,29.3,66
2019,Guam,Healthy weight,30.5,66
2017,Guam,Healthy weight,30.6,66
2018,Iowa,Smoking,17.4,19
2012,Guam,Healthy weight,35.4,66
2016,Guam,Healthy weight,33.4,66
2012,Guam,Obesity,29.0,66
2013,Guam,Smoking,25.9,66
2014,Guam,Healthy weight,33.6,66
2018,Guam,Obesity,29.3,66
2016,Guam,Obesity,28.3,66
2016,Guam,Smoking,24.6,66
2014,Guam,Smoking,28.1,66
2018,Guam,Healthy weight,35.7,66
2018,Guam,Smoking,21.9,66
2021,Iowa,Obesity,36.9,19
2014,Hawaii,Obesity,22.5,15
2021,Iowa,Smoking,15.5,19
2012,Hawaii,Smoking,14.9,15
2014,Hawaii,Smoking,14.6,15
2018,Hawaii,Smoking,14.2,15
2016,Hawaii,Smoking,13.5,15
2012,Hawaii,Obesity,24.1,15
2015,Hawaii,Smoking,14.7,15
2019,Hawaii,Smoking,12.9,15
2021,Iowa,Healthy weight,27.4,19
2017,Hawaii,Smoking,13.5,15
2013,Hawaii,Healthy weight,42.1,15
2017,Hawaii,Healthy weight,38.6,15
2015,Hawaii,Healthy weight,40.5,15
2019,Hawaii,Healthy weight,38.5,15
2016,Hawaii,Obesity,24.3,15
2011,Hawaii,Healthy weight,41.5,15
2018,Hawaii,Obesity,25.6,15
2020,Hawaii,Healthy weight,39.1,15
2016,Hawaii,Healthy weight,38.8,15
2014,Hawaii,Healthy weight,39.3,15
2017,Hawaii,Obesity,24.1,15
2020,Hawaii,Obesity,25.0,15
2012,Hawaii,Healthy weight,41.1,15
2020,Hawaii,Smoking,12.2,15
2019,Hawaii,Obesity,25.5,15
2018,Hawaii,Healthy weight,37.6,15
2013,Hawaii,Obesity,22,15
2015,Hawaii,Obesity,23.2,15
2011,Hawaii,Obesity,22.2,15
2021,Idaho,Smoking,13.8,16
2018,Iowa,Healthy weight,29.1,19
2018,Iowa,Obesity,35.7,19
2014,Iowa,Healthy weight,31.9,19
2021,Idaho,Obesity,32.1,16
2014,Iowa,Smoking,19.3,19
2016,Iowa,Healthy weight,29.9,19
2012,Iowa,Smoking,18.8,19
2020,Iowa,Healthy weight,26.4,19
2020,Iowa,Smoking,16.8,19
2015,Iowa,Smoking,19.0,19
2021,Idaho,Healthy weight,30.5,16
2013,Iowa,Smoking,20.2,19
2011,Iowa,Smoking,21.1,19
2016,Iowa,Obesity,32.4,19
2014,Iowa,Obesity,31.0,19
2012,Iowa,Healthy weight,33.6,19
2012,Iowa,Obesity,30.4,19
2020,Iowa,Obesity,37.2,19
2019,Iowa,Healthy weight,29.8,19
2013,Iowa,Obesity,31.5,19
2019,Iowa,Obesity,34.3,19
2019,Iowa,Smoking,17.3,19
2017,Iowa,Healthy weight,28.6,19
2017,Iowa,Smoking,17.9,19
2017,Iowa,Obesity,36.7,19
2015,Iowa,Obesity,32.5,19
2013,Iowa,Healthy weight,31.5,19
2015,Iowa,Healthy weight,32.1,19
2011,Iowa,Healthy weight,34.0,19
2011,Iowa,Obesity,28.8,19
2016,Iowa,Smoking,17.4,19
2020,Idaho,Healthy weight,32.1,16
2011,Idaho,Obesity,27.0,16
2017,Idaho,Smoking,14.7,16
2013,Idaho,Obesity,29.7,16
2015,Idaho,Obesity,28.7,16
2019,Idaho,Smoking,16.0,16
2017,Idaho,Obesity,29.6,16
2021,Illinois,Healthy weight,30.2,17
2014,Idaho,Smoking,16.4,16
2012,Idaho,Smoking,16.7,16
2021,Illinois,Smoking,12.6,17
2018,Idaho,Smoking,15.2,16
2018,Idaho,Obesity,28.4,16
2016,Idaho,Smoking,14.9,16
2011,Idaho,Smoking,17.2,16
2020,Idaho,Smoking,14.2,16
2015,Idaho,Smoking,14.1,16
2013,Idaho,Smoking,17.5,16
2016,Idaho,Healthy weight,33.8,16
2021,Illinois,Obesity,34.3,17
2018,Idaho,Healthy weight,34.3,16
2014,Idaho,Healthy weight,32.9,16
2019,Idaho,Obesity,29.5,16
2012,Idaho,Healthy weight,35.5,16
2020,Idaho,Obesity,31.3,16
2012,Idaho,Obesity,26.9,16
2011,Idaho,Healthy weight,35.4,16
2014,Idaho,Obesity,29.2,16
2013,Idaho,Healthy weight,33.4,16
2019,Idaho,Healthy weight,34.0,16
2015,Idaho,Healthy weight,33.0,16
2017,Idaho,Healthy weight,32.6,16
2016,Idaho,Obesity,27.3,16
2012,Illinois,Healthy weight,34.0,17
2013,Illinois,Obesity,29.3,17
2011,Illinois,Obesity,27.0,17
2017,Illinois,Smoking,15.7,17
2018,Illinois,Healthy weight,31.9,17
2017,Illinois,Obesity,30.8,17
2013,Illinois,Smoking,18.2,17
2011,Illinois,Smoking,20.9,17
2015,Illinois,Obesity,30.7,17
2018,Illinois,Smoking,15.9,17
2015,Illinois,Smoking,15.2,17
2014,Illinois,Obesity,29.2,17
2012,Illinois,Obesity,28.0,17
2016,Illinois,Obesity,31.5,17
2018,Illinois,Obesity,31.7,17
2019,Illinois,Healthy weight,33.0,17
2020,Illinois,Healthy weight,31.2,17
2012,Illinois,Smoking,18.9,17
2020,Illinois,Smoking,12.8,17
2021,Indiana,Smoking,18.0,18
2016,Illinois,Healthy weight,33.4,17
2019,Illinois,Smoking,14.8,17
2016,Illinois,Smoking,16.1,17
2014,Illinois,Healthy weight,34.2,17
2019,Illinois,Obesity,31.5,17
2021,Indiana,Healthy weight,28.5,18
2014,Illinois,Smoking,16.7,17
2020,Illinois,Obesity,32.5,17
2013,Illinois,Healthy weight,33.2,17
2011,Illinois,Healthy weight,34.3,17
2015,Illinois,Healthy weight,32.6,17
2017,Illinois,Healthy weight,33.0,17
2021,Indiana,Obesity,36.7,18
2014,Kansas,Obesity,31.5,20
2019,Indiana,Smoking,20.0,18
2012,Indiana,Smoking,24.3,18
2012,Kansas,Obesity,30.0,20
2016,Kansas,Obesity,31.5,20
2018,Kansas,Obesity,34.8,20
2011,Indiana,Obesity,30.8,18
2021,Kansas,Healthy weight,27.8,20
2015,Indiana,Obesity,31.1,18
2017,Indiana,Obesity,33.5,18
2019,Indiana,Obesity,35.4,18
2013,Indiana,Obesity,31.6,18
2018,Indiana,Obesity,34.3,18
2014,Kansas,Healthy weight,32.4,20
2016,Indiana,Smoking,21.6,18
2014,Indiana,Smoking,23.5,18
2018,Kansas,Healthy weight,29.9,20
2016,Kansas,Healthy weight,31.1,20
2018,Indiana,Smoking,21.7,18
2013,Indiana,Smoking,22.6,18
2018,Indiana,Healthy weight,31.7,18
2012,Kansas,Healthy weight,32.4,20
2015,Indiana,Healthy weight,31.9,18
2013,Indiana,Healthy weight,31.2,18
2011,Indiana,Healthy weight,32.6,18
2017,Indiana,Healthy weight,30.5,18
2016,Indiana,Obesity,32.5,18
2014,Indiana,Obesity,32.8,18
2012,Indiana,Obesity,31.3,18
2011,Kansas,Healthy weight,33.8,20
2021,Kansas,Obesity,36.7,20
2017,Indiana,Smoking,22.5,18
2015,Indiana,Smoking,20.7,18
2013,Kansas,Healthy weight,32.9,20
2017,Kansas,Healthy weight,30.7,20
2020,Indiana,Healthy weight,29.2,18
2019,Indiana,Healthy weight,28.9,18
2015,Kansas,Healthy weight,29.7,20
2012,Indiana,Healthy weight,32.7,18
2011,Indiana,Smoking,25.9,18
2014,Indiana,Healthy weight,31.4,18
2020,Indiana,Smoking,20.2,18
2016,Indiana,Healthy weight,31.0,18
2011,Kansas,Obesity,29.6,20
2015,Kansas,Obesity,34.5,20
2021,Kansas,Smoking,16.4,20
2019,Kansas,Obesity,35.6,20
2017,Kansas,Obesity,32.6,20
2020,Indiana,Obesity,37.2,18
2019,Kansas,Healthy weight,28.1,20
2013,Kansas,Obesity,30.2,20
2013,Kentucky,Obesity,33,21
2016,Kentucky,Healthy weight,29.2,21
2018,Kentucky,Healthy weight,30.2,21
2011,Kentucky,Obesity,30.3,21
2020,Kansas,Smoking,17.2,20
2014,Kentucky,Healthy weight,31.3,21
2021,Kentucky,Smoking,20.4,21
2012,Kentucky,Healthy weight,31.4,21
2014,Kansas,Smoking,18.4,20
2012,Kansas,Smoking,19.6,20
2013,Kentucky,Healthy weight,30.9,21
2019,Kentucky,Healthy weight,26.6,21
2017,Kentucky,Healthy weight,30.8,21
2011,Kansas,Smoking,22.2,20
2015,Kentucky,Healthy weight,31.4,21
2015,Kentucky,Obesity,34.5,21
2011,Kentucky,Healthy weight,31.8,21
2017,Kentucky,Obesity,34.4,21
2020,Kansas,Obesity,35.8,20
2015,Kansas,Smoking,18.2,20
2019,Kentucky,Obesity,36.4,21
2013,Kansas,Smoking,20.4,20
2018,Kentucky,Obesity,36.9,21
2016,Kentucky,Obesity,34.4,21
2016,Kansas,Smoking,17.7,20
2014,Kentucky,Obesity,31.7,21
2018,Kansas,Smoking,18.0,20
2021,Kentucky,Healthy weight,25.6,21
2021,Michigan,Smoking,17.9,26
2017,Kansas,Smoking,18.0,20
2020,Kansas,Healthy weight,28.1,20
2019,Kansas,Smoking,16.9,20
2021,Kentucky,Obesity,40.6,21
2012,Kentucky,Obesity,31.3,21
2015,Louisiana,Healthy weight,28.7,22
2017,Louisiana,Healthy weight,28.0,22
2013,Louisiana,Healthy weight,30.3,22
2011,Louisiana,Healthy weight,30.4,22
2021,Louisiana,Healthy weight,27.2,22
2018,Louisiana,Healthy weight,28.9,22
2013,Kentucky,Smoking,27.2,21
2011,Kentucky,Smoking,29.5,21
2016,Louisiana,Healthy weight,28.8,22
2018,Louisiana,Obesity,36.9,22
2014,Louisiana,Healthy weight,29.7,22
2012,Louisiana,Healthy weight,28.4,22
2016,Louisiana,Obesity,36.0,22
2015,Kentucky,Smoking,26.7,21
2019,Louisiana,Healthy weight,27.2,22
2017,Kentucky,Smoking,25.5,21
2014,Kentucky,Smoking,26.9,21
2012,Louisiana,Smoking,25.1,22
2012,Louisiana,Obesity,35.0,22
2012,Kentucky,Smoking,29.0,21
2014,Louisiana,Obesity,35.1,22
2017,Louisiana,Obesity,36.2,22
2019,Kentucky,Smoking,24.4,21
2018,Louisiana,Smoking,21.1,22
2016,Louisiana,Smoking,23.2,22
2020,Kentucky,Smoking,22.2,21
2016,Kentucky,Smoking,25.5,21
2018,Kentucky,Smoking,24.4,21
2014,Louisiana,Smoking,24.4,22
2011,Louisiana,Smoking,25.9,22
2013,Louisiana,Obesity,33.4,22
2020,Louisiana,Obesity,38.3,22
2015,Louisiana,Obesity,36.5,22
2011,Louisiana,Obesity,33.5,22
2021,Louisiana,Obesity,38.7,22
2015,Louisiana,Smoking,22.1,22
2019,Louisiana,Smoking,22.6,22
2017,Louisiana,Smoking,23.6,22
2019,Louisiana,Obesity,36.2,22
2020,Kentucky,Obesity,37.0,21
2021,Louisiana,Smoking,20.1,22
2020,Kentucky,Healthy weight,27.9,21
2013,Louisiana,Smoking,23.6,22
2017,Massachusetts,Healthy weight,36.9,25
2021,Maryland,Healthy weight,30.7,24
2019,Massachusetts,Obesity,25.4,25
2017,Massachusetts,Obesity,25.8,25
2012,Massachusetts,Healthy weight,39.5,25
2015,Massachusetts,Obesity,23.9,25
2021,Massachusetts,Smoking,10.8,25
2011,Massachusetts,Obesity,22.5,25
2019,Massachusetts,Healthy weight,38.3,25
2020,Louisiana,Healthy weight,27.8,22
2020,Massachusetts,Smoking,11.4,25
2013,Massachusetts,Obesity,23.3,25
2018,Massachusetts,Smoking,13.8,25
2016,Massachusetts,Smoking,13.8,25
2012,Massachusetts,Smoking,16.7,25
2020,Massachusetts,Obesity,24.5,25
2021,Maryland,Smoking,10.2,24
2011,Massachusetts,Healthy weight,39.3,25
2013,Massachusetts,Healthy weight,40.5,25
2015,Massachusetts,Healthy weight,38.9,25
2021,Massachusetts,Healthy weight,37.2,25
2014,Massachusetts,Smoking,14.9,25
2015,Massachusetts,Smoking,14.3,25
2013,Massachusetts,Smoking,16.8,25
2017,Massachusetts,Smoking,14.0,25
2018,Massachusetts,Healthy weight,36.8,25
2011,Massachusetts,Smoking,18.6,25
2019,Massachusetts,Smoking,12.4,25
2020,Massachusetts,Healthy weight,37.9,25
2016,Massachusetts,Obesity,23.3,25
2016,Massachusetts,Healthy weight,38.4,25
2018,Massachusetts,Obesity,25.7,25
2014,Massachusetts,Healthy weight,39.3,25
2020,Louisiana,Smoking,18.9,22
2021,Massachusetts,Obesity,27.5,25
2021,Maryland,Obesity,34.2,24
2012,Massachusetts,Obesity,22.7,25
2014,Massachusetts,Obesity,23.0,25
2016,Maryland,Smoking,13.8,24
2013,Maryland,Obesity,27.9,24
2011,Maryland,Obesity,28.1,24
2021,Maine,Smoking,16.9,23
2014,Maryland,Healthy weight,34,24
2020,Maryland,Healthy weight,32.1,24
2016,Maryland,Healthy weight,34.4,24
2019,Maryland,Obesity,32.0,24
2018,Maryland,Healthy weight,32.0,24
2018,Maryland,Smoking,12.7,24
2012,Maryland,Smoking,16.2,24
2017,Maryland,Obesity,31.2,24
2012,Maryland,Healthy weight,34.9,24
2020,Maryland,Smoking,11.1,24
2019,Maryland,Healthy weight,31.8,24
2015,Maryland,Obesity,28.5,24
2013,Maryland,Healthy weight,34.7,24
2015,Maryland,Healthy weight,33.5,24
2013,Maryland,Smoking,16.6,24
2011,Maryland,Smoking,19.1,24
2018,Maryland,Obesity,31.0,24
2017,Maryland,Healthy weight,32.3,24
2016,Maryland,Obesity,29.7,24
2014,Maryland,Smoking,14.6,24
2011,Maryland,Healthy weight,34.3,24
2021,Maine,Obesity,32.1,23
2015,Maryland,Smoking,15.2,24
2012,Maryland,Obesity,27.2,24
2017,Maryland,Smoking,14.0,24
2014,Maryland,Obesity,29.3,24
2020,Maryland,Obesity,30.9,24
2019,Maryland,Smoking,13.0,24
2021,Maine,Healthy weight,33.1,23
2015,Maine,Smoking,21.3,23
2012,Maine,Obesity,28.2,23
2012,Maine,Healthy weight,34.9,23
2014,Maine,Healthy weight,34.7,23
2017,Maine,Healthy weight,34.4,23
2020,Maine,Obesity,31.3,23
2019,Maine,Healthy weight,33.6,23
2020,Maine,Smoking,18.0,23
2013,Maine,Obesity,28.4,23
2015,Maine,Obesity,29.8,23
2011,Maine,Obesity,27.4,23
2015,Maine,Healthy weight,32.9,23
2021,Michigan,Healthy weight,29.4,26
2020,Maine,Healthy weight,33.2,23
2013,Maine,Healthy weight,34.7,23
2019,Maine,Obesity,31.4,23
2017,Maine,Obesity,28.7,23
2019,Maine,Smoking,19.1,23
2017,Maine,Smoking,18.8,23
2014,Maine,Smoking,21.3,23
2012,Maine,Smoking,21.8,23
2018,Maine,Obesity,30.4,23
2016,Maine,Smoking,21.3,23
2011,Maine,Healthy weight,34.2,23
2018,Maine,Smoking,19.3,23
2011,Maine,Smoking,24.5,23
2013,Maine,Smoking,22,23
2014,Maine,Obesity,27.9,23
2016,Maine,Obesity,29.3,23
2016,Maine,Healthy weight,34.0,23
2021,Michigan,Obesity,34.6,26
2018,Maine,Healthy weight,33.4,23
2016,Michigan,Smoking,21.3,26
2018,Michigan,Smoking,20.2,26
2021,Minnesota,Obesity,32.4,27
2018,Michigan,Obesity,32.9,26
2016,Michigan,Obesity,32.6,26
2014,Michigan,Smoking,22.1,26
2014,Michigan,Obesity,30.5,26
2013,Michigan,Smoking,22.2,26
2018,Michigan,Healthy weight,31.1,26
2011,Michigan,Smoking,23.8,26
2020,Michigan,Smoking,19.3,26
2016,Michigan,Healthy weight,31.4,26
2020,Michigan,Healthy weight,28.6,26
2017,Michigan,Smoking,20.2,26
2019,Michigan,Smoking,19.6,26
2017,Michigan,Obesity,32.1,26
2012,Michigan,Healthy weight,33.0,26
2014,Michigan,Healthy weight,32.8,26
2015,Michigan,Obesity,31.5,26
2015,Michigan,Smoking,21.6,26
2019,Michigan,Obesity,35.8,26
2019,Michigan,Healthy weight,28.5,26
2013,Michigan,Obesity,31.3,26
2020,Michigan,Obesity,35.3,26
2021,Minnesota,Smoking,13.9,27
2013,Michigan,Healthy weight,33.1,26
2011,Michigan,Obesity,31.1,26
2015,Michigan,Healthy weight,32.3,26
2011,Michigan,Healthy weight,33.4,26
2017,Michigan,Healthy weight,31.1,26
2021,Minnesota,Healthy weight,31.5,27
2012,Michigan,Obesity,31.2,26
2012,Michigan,Smoking,24.0,26
2020,Minnesota,Healthy weight,31.5,27
2017,Minnesota,Healthy weight,33.8,27
2021,Missouri,Smoking,18.1,29
2012,Minnesota,Smoking,19.2,27
2014,Minnesota,Smoking,16.6,27
2019,Minnesota,Obesity,30.0,27
2019,Minnesota,Healthy weight,33.1,27
2011,Minnesota,Obesity,25.6,27
2013,Minnesota,Obesity,25.3,27
2015,Minnesota,Obesity,25.8,27
2018,Minnesota,Healthy weight,32.9,27
2015,Minnesota,Healthy weight,36.0,27
2021,Missouri,Obesity,37.6,29
2013,Minnesota,Healthy weight,37.5,27
2016,Minnesota,Smoking,15.6,27
2011,Minnesota,Healthy weight,36.0,27
2018,Minnesota,Smoking,15.7,27
2012,Minnesota,Obesity,25.5,27
2021,Missouri,Healthy weight,29.5,29
2016,Minnesota,Obesity,27.4,27
2014,Minnesota,Obesity,27.4,27
2016,Minnesota,Healthy weight,34.0,27
2014,Minnesota,Healthy weight,34.9,27
2012,Minnesota,Healthy weight,35.7,27
2017,Minnesota,Smoking,14.8,27
2020,Minnesota,Obesity,30.6,27
2019,Minnesota,Smoking,15.0,27
2015,Minnesota,Smoking,16.5,27
2017,Minnesota,Obesity,28.4,27
2011,Minnesota,Smoking,19.1,27
2018,Minnesota,Obesity,29.9,27
2013,Minnesota,Smoking,18.2,27
2020,Minnesota,Smoking,14.3,27
2021,Mississippi,Smoking,20.3,28
2012,Missouri,Smoking,24.4,29
2018,Missouri,Healthy weight,31.5,29
2014,Missouri,Smoking,21.1,29
2016,Missouri,Smoking,23.0,29
2018,Missouri,Obesity,35.4,29
2011,Missouri,Healthy weight,33.7,29
2013,Missouri,Healthy weight,32.8,29
2016,Missouri,Obesity,31.6,29
2012,Missouri,Obesity,29.4,29
2014,Missouri,Obesity,30.4,29
2020,Missouri,Smoking,18.6,29
2013,Missouri,Smoking,22.6,29
2021,Mississippi,Obesity,39.4,28
2015,Missouri,Smoking,23.1,29
2017,Missouri,Smoking,21.7,29
2017,Missouri,Obesity,32.4,29
2016,Missouri,Healthy weight,30.8,29
2014,Missouri,Healthy weight,33.3,29
2012,Missouri,Healthy weight,32.8,29
2015,Missouri,Obesity,32.6,29
2011,Missouri,Smoking,25.5,29
2013,Missouri,Obesity,30.8,29
2011,Missouri,Obesity,30.1,29
2019,Missouri,Smoking,20.5,29
2020,Missouri,Obesity,34.2,29
2019,Missouri,Obesity,34.6,29
2017,Missouri,Healthy weight,30.1,29
2015,Missouri,Healthy weight,32.0,29
2019,Missouri,Healthy weight,30.7,29
2018,Missouri,Smoking,20.2,29
2020,Missouri,Healthy weight,28.7,29
2021,Mississippi,Healthy weight,25.2,28
2015,Mississippi,Smoking,23.0,28
2017,Mississippi,Obesity,37.7,28
2019,Mississippi,Smoking,21.2,28
2019,Mississippi,Obesity,41.2,28
2017,Mississippi,Smoking,22.8,28
2012,Mississippi,Healthy weight,29.3,28
2011,Mississippi,Smoking,26.1,28
2014,Mississippi,Healthy weight,27.6,28
2013,Mississippi,Smoking,25.2,28
2016,Mississippi,Healthy weight,26.5,28
2021,Montana,Obesity,31.8,30
2013,Mississippi,Healthy weight,29.1,28
2018,Mississippi,Healthy weight,24.9,28
2011,Mississippi,Obesity,35.1,28
2019,Montana,Healthy weight,34.6,30
2020,Mississippi,Smoking,20.7,28
2015,Mississippi,Obesity,36.2,28
2016,Montana,Obesity,25.4,30
2013,Mississippi,Obesity,35.2,28
2012,Mississippi,Smoking,24.2,28
2017,Mississippi,Healthy weight,27.6,28
2018,Montana,Healthy weight,35.2,30
2020,Mississippi,Obesity,39.9,28
2015,Mississippi,Healthy weight,27.7,28
2012,Montana,Obesity,24.1,30
2014,Montana,Obesity,26.5,30
2011,Mississippi,Healthy weight,28.8,28
2021,Montana,Smoking,15.3,30
2019,Mississippi,Healthy weight,25.2,28
2011,Montana,Healthy weight,38.8,30
2014,Mississippi,Obesity,36.1,28
2013,Montana,Healthy weight,37.6,30
2017,Montana,Obesity,25.4,30
2017,Montana,Healthy weight,36.5,30
2015,Montana,Obesity,23.4,30
2014,Mississippi,Smoking,23.6,28
2012,Mississippi,Obesity,35.0,28
2015,Montana,Healthy weight,37.4,30
2019,Montana,Obesity,28.0,30
2018,Mississippi,Smoking,21.0,28
2018,Mississippi,Obesity,39.9,28
2016,Mississippi,Smoking,23.2,28
2013,Montana,Obesity,24.5,30
2011,Montana,Obesity,24.2,30
2016,Mississippi,Obesity,38.0,28
2014,Montana,Healthy weight,35.5,30
2016,Montana,Healthy weight,36.0,30
2012,Montana,Healthy weight,37.6,30
2018,Montana,Obesity,27.1,30
2021,Montana,Healthy weight,31.9,30
2020,Mississippi,Healthy weight,25.6,28
2021,North Carolina,Healthy weight,29.9,37
2012,North Carolina,Obesity,29.4,37
2016,North Carolina,Obesity,31.8,37
2011,North Carolina,Healthy weight,33.5,37
2014,North Carolina,Obesity,29.8,37
2017,North Carolina,Healthy weight,31.6,37
2015,North Carolina,Healthy weight,33.0,37
2013,North Carolina,Healthy weight,32.6,37
2018,North Carolina,Obesity,32.8,37
2013,North Carolina,Obesity,29.1,37
2017,Montana,Smoking,18.3,30
2019,Montana,Smoking,17.5,30
2011,North Carolina,Obesity,29.0,37
2015,North Carolina,Obesity,30.0,37
2021,North Carolina,Smoking,15.0,37
2012,North Carolina,Healthy weight,32.7,37
2015,Montana,Smoking,20.0,30
2018,North Carolina,Healthy weight,30.1,37
2013,Montana,Smoking,19.6,30
2016,North Carolina,Healthy weight,31.6,37
2014,North Carolina,Healthy weight,32.7,37
2011,Montana,Smoking,22.4,30
2019,North Carolina,Obesity,34.0,37
2018,Montana,Smoking,19.0,30
2016,Montana,Smoking,19.3,30
2020,Montana,Healthy weight,34.7,30
2020,Montana,Smoking,17.5,30
2014,Montana,Smoking,20.9,30
2012,Montana,Smoking,20.4,30
2017,North Carolina,Obesity,32.1,37
2020,Montana,Obesity,28.9,30
2019,North Carolina,Healthy weight,28.6,37
2021,North Carolina,Obesity,36.4,37
2017,North Carolina,Smoking,17.5,37
2019,North Dakota,Smoking,17.5,38
2019,North Carolina,Smoking,19.2,37
2014,North Dakota,Healthy weight,28.8,38
2013,North Carolina,Smoking,20.4,37
2015,North Carolina,Smoking,19.4,37
2012,North Dakota,Healthy weight,31.3,38
2017,North Dakota,Smoking,18.8,38
2015,North Dakota,Smoking,19.3,38
2013,North Dakota,Smoking,21.4,38
2020,North Carolina,Obesity,33.6,37
2013,North Dakota,Obesity,31.4,38
2021,North Dakota,Smoking,15.9,38
2011,North Carolina,Smoking,21.9,37
2012,North Dakota,Smoking,21.9,38
2018,North Dakota,Smoking,19.9,38
2016,North Dakota,Smoking,20.2,38
2016,North Dakota,Obesity,32.5,38
2018,North Dakota,Obesity,35.8,38
2020,North Carolina,Smoking,17.0,37
2014,North Dakota,Smoking,20.6,38
2021,North Dakota,Obesity,35.7,38
2014,North Dakota,Obesity,33.4,38
2012,North Dakota,Obesity,30.2,38
2017,North Dakota,Healthy weight,28.4,38
2019,North Dakota,Healthy weight,27.8,38
2011,North Dakota,Obesity,28.9,38
2017,North Dakota,Obesity,33.9,38
2015,North Dakota,Healthy weight,31.2,38
2019,North Dakota,Obesity,35.8,38
2015,North Dakota,Obesity,31.8,38
2016,North Carolina,Smoking,18.4,37
2020,North Carolina,Healthy weight,29.5,37
2011,North Dakota,Healthy weight,33.3,38
2018,North Dakota,Healthy weight,27.1,38
2018,North Carolina,Smoking,17.9,37
2014,North Carolina,Smoking,19.5,37
2016,North Dakota,Healthy weight,29.7,38
2012,North Carolina,Smoking,21.2,37
2013,North Dakota,Healthy weight,30.3,38
2021,North Dakota,Healthy weight,27.9,38
2011,North Dakota,Smoking,22.0,38
2016,Nebraska,Healthy weight,29.7,31
2014,Nebraska,Healthy weight,31.7,31
2021,Nebraska,Obesity,36.3,31
2018,Nebraska,Healthy weight,29.9,31
2012,Nebraska,Healthy weight,33.4,31
2020,Nebraska,Obesity,34.0,31
2020,North Dakota,Obesity,33.6,38
2021,Nebraska,Healthy weight,27.4,31
2020,North Dakota,Healthy weight,27.6,38
2018,Nebraska,Smoking,16.6,31
2016,Nebraska,Smoking,17.5,31
2014,Nebraska,Obesity,30.3,31
2018,Nebraska,Obesity,34.2,31
2020,Nebraska,Smoking,14.5,31
2012,Nebraska,Smoking,20.1,31
2016,Nebraska,Obesity,32.1,31
2012,Nebraska,Obesity,28.6,31
2014,Nebraska,Smoking,17.8,31
2021,Nebraska,Smoking,13.9,31
2013,Nebraska,Healthy weight,32.6,31
2019,Nebraska,Healthy weight,29.5,31
2017,Nebraska,Healthy weight,29.1,31
2019,Nebraska,Smoking,15.2,31
2015,Nebraska,Healthy weight,31.1,31
2017,Nebraska,Obesity,32.9,31
2015,Nebraska,Obesity,31.4,31
2011,Nebraska,Healthy weight,33.4,31
2011,Nebraska,Smoking,20.3,31
2017,Nebraska,Smoking,15.9,31
2020,Nebraska,Healthy weight,28.7,31
2019,Nebraska,Obesity,34.3,31
2015,Nebraska,Smoking,17.5,31
2013,Nebraska,Smoking,18.9,31
2020,North Dakota,Smoking,17.9,38
2013,Nebraska,Obesity,29.7,31
2011,Nebraska,Obesity,28.6,31
2011,New Hampshire,Obesity,26.0,33
2015,New Hampshire,Smoking,16.3,33
2013,New Hampshire,Obesity,26.7,33
2018,New Hampshire,Smoking,16.4,33
2021,New Hampshire,Smoking,12.7,33
2016,New Hampshire,Smoking,19.4,33
2012,New Hampshire,Obesity,26.9,33
2014,New Hampshire,Smoking,18.6,33
2014,New Hampshire,Obesity,27.3,33
2019,New Hampshire,Obesity,32.1,33
2021,New Jersey,Healthy weight,33.2,34
2018,New Hampshire,Obesity,29.9,33
2016,New Hampshire,Obesity,26.4,33
2013,New Hampshire,Smoking,17.0,33
2021,New Jersey,Obesity,28.3,34
2012,New Hampshire,Smoking,18.1,33
2020,New Hampshire,Obesity,30.5,33
2012,New Hampshire,Healthy weight,37.6,33
2014,New Hampshire,Healthy weight,35.7,33
2021,New Hampshire,Obesity,31.2,33
2018,New Hampshire,Healthy weight,33.8,33
2016,New Hampshire,Healthy weight,35.2,33
2011,New Hampshire,Smoking,20.4,33
2017,New Hampshire,Obesity,28.0,33
2013,New Hampshire,Healthy weight,37.2,33
2011,New Hampshire,Healthy weight,37.0,33
2015,New Hampshire,Obesity,26.1,33
2019,New Hampshire,Healthy weight,31.5,33
2015,New Hampshire,Healthy weight,35.9,33
2020,New Hampshire,Healthy weight,33.1,33
2017,New Hampshire,Healthy weight,34.2,33
2017,New Hampshire,Smoking,17.0,33
2021,New Hampshire,Healthy weight,31.9,33
2019,New Hampshire,Smoking,16.8,33
2020,New Hampshire,Smoking,14.7,33
2021,New Jersey,Smoking,10.8,34
2014,New Jersey,Healthy weight,35.6,34
2018,New Jersey,Smoking,13.4,34
2011,New Jersey,Obesity,23.2,34
2020,New Jersey,Smoking,11.1,34
2015,New Jersey,Obesity,25.3,34
2013,New Jersey,Obesity,25.9,34
2020,New Jersey,Healthy weight,34.2,34
2017,New Jersey,Obesity,26.9,34
2019,New Jersey,Smoking,,34
2016,New Jersey,Healthy weight,34.7,34
2018,New Jersey,Healthy weight,36.2,34
2019,New Jersey,Obesity,,34
2013,New Jersey,Healthy weight,36,34
2014,New Jersey,Smoking,15.5,34
2016,New Jersey,Smoking,14.0,34
2012,New Jersey,Smoking,17.7,34
2011,New Jersey,Healthy weight,37.7,34
2021,New Mexico,Obesity,35.4,35
2012,New Jersey,Obesity,24.3,34
2019,New Jersey,Healthy weight,,34
2016,New Jersey,Obesity,26.7,34
2014,New Jersey,Obesity,26.6,34
2017,New Jersey,Healthy weight,37.1,34
2015,New Jersey,Healthy weight,35.7,34
2018,New Jersey,Obesity,25.5,34
2021,New Mexico,Smoking,14.2,35
2011,New Jersey,Smoking,17.0,34
2020,New Jersey,Obesity,27.7,34
2012,New Jersey,Healthy weight,37.1,34
2013,New Jersey,Smoking,15.8,34
2017,New Jersey,Smoking,14.0,34
2015,New Jersey,Smoking,13.9,34
2021,New Mexico,Healthy weight,27.7,35
2011,New Mexico,Healthy weight,35.4,35
2017,New Mexico,Healthy weight,32.4,35
2015,New Mexico,Healthy weight,33.5,35
2013,New Mexico,Healthy weight,35.2,35
2020,New Mexico,Healthy weight,29.5,35
2016,New Mexico,Obesity,28.8,35
2018,New Mexico,Obesity,33.0,35
2021,Nevada,Smoking,15.3,32
2018,New Mexico,Healthy weight,30.1,35
2021,Nevada,Healthy weight,30.9,32
2014,New Mexico,Obesity,29.0,35
2014,New Mexico,Healthy weight,33.2,35
2016,New Mexico,Healthy weight,32.6,35
2012,New Mexico,Healthy weight,34.8,35
2020,New Mexico,Obesity,31.7,35
2017,New Mexico,Obesity,29.1,35
2019,New Mexico,Obesity,32.2,35
2019,New Mexico,Healthy weight,32.2,35
2012,New Mexico,Obesity,27.6,35
2013,New Mexico,Obesity,26.6,35
2019,New Mexico,Smoking,16.6,35
2015,New Mexico,Obesity,29.7,35
2013,New Mexico,Smoking,19.3,35
2017,New Mexico,Smoking,18.1,35
2015,New Mexico,Smoking,17.9,35
2011,New Mexico,Smoking,21.7,35
2011,New Mexico,Obesity,26.6,35
2021,Nevada,Obesity,31.5,32
2014,New Mexico,Smoking,19.6,35
2018,New Mexico,Smoking,15.6,35
2012,New Mexico,Smoking,19.9,35
2016,New Mexico,Smoking,17.0,35
2020,New Mexico,Smoking,16.9,35
2016,Nevada,Smoking,16.6,32
2012,Nevada,Smoking,17.9,32
2014,Nevada,Smoking,16.9,32
2018,Nevada,Smoking,15.9,32
2018,Nevada,Obesity,29.3,32
2014,Nevada,Obesity,28.0,32
2012,Nevada,Obesity,26.0,32
2021,New York,Obesity,29.0,36
2016,Nevada,Obesity,25.5,32
2020,Nevada,Smoking,14.1,32
2014,Nevada,Healthy weight,34.1,32
2018,Nevada,Healthy weight,30.5,32
2020,Nevada,Healthy weight,35.0,32
2016,Nevada,Healthy weight,36.3,32
2015,Nevada,Smoking,17.8,32
2013,Nevada,Smoking,19.1,32
2017,Nevada,Obesity,26.3,32
2017,Nevada,Smoking,17.4,32
2019,Nevada,Smoking,15.6,32
2019,Nevada,Obesity,30.5,32
2013,Nevada,Obesity,26.2,32
2015,Nevada,Obesity,26.5,32
2011,Nevada,Obesity,24.3,32
2011,Nevada,Smoking,22.7,32
2012,Nevada,Healthy weight,35.4,32
2013,Nevada,Healthy weight,34,32
2015,Nevada,Healthy weight,33.8,32
2020,Nevada,Obesity,28.1,32
2019,Nevada,Healthy weight,30.1,32
2017,Nevada,Healthy weight,32.9,32
2011,Nevada,Healthy weight,37.6,32
2021,New York,Smoking,12.4,36
2021,New York,Healthy weight,34.4,36
2019,New York,Obesity,27.2,36
2021,Ohio,Obesity,37.9,39
2011,New York,Obesity,24.1,36
2021,Ohio,Healthy weight,27.7,39
2021,Ohio,Smoking,18.8,39
2013,New York,Obesity,25.2,36
2015,New York,Healthy weight,38.9,36
2015,New York,Obesity,25.0,36
2017,New York,Obesity,25.5,36
2017,New York,Healthy weight,37.0,36
2019,New York,Healthy weight,35.3,36
2012,New York,Obesity,23.4,36
2018,New York,Obesity,27.6,36
2016,New York,Healthy weight,37.3,36
2014,New York,Obesity,26.9,36
2012,New York,Smoking,16.2,36
2013,New York,Healthy weight,36.6,36
2011,New York,Healthy weight,38.2,36
2016,New York,Obesity,25.4,36
2018,New York,Smoking,13.0,36
2020,New York,Healthy weight,34.4,36
2014,New York,Smoking,14.5,36
2014,New York,Healthy weight,37.4,36
2016,New York,Smoking,14.5,36
2018,New York,Healthy weight,35.3,36
2020,New York,Smoking,12.3,36
2012,New York,Healthy weight,37.2,36
2019,New York,Smoking,13.0,36
2013,New York,Smoking,17.0,36
2017,New York,Smoking,14.3,36
2020,New York,Obesity,26.5,36
2015,New York,Smoking,15.4,36
2011,New York,Smoking,18.3,36
2019,Ohio,Smoking,21.8,39
2014,Ohio,Smoking,21.7,39
2013,Oklahoma,Obesity,32.5,40
2016,Ohio,Smoking,23.4,39
2012,Ohio,Smoking,23.8,39
2019,Oklahoma,Obesity,37.1,40
2020,Ohio,Smoking,20.2,39
2020,Ohio,Healthy weight,29.5,39
2017,Ohio,Obesity,33.9,39
2019,Ohio,Obesity,34.6,39
2013,Ohio,Healthy weight,33.3,39
2021,Oklahoma,Smoking,17.5,40
2012,Oklahoma,Obesity,32.4,40
2011,Ohio,Healthy weight,32.8,39
2011,Ohio,Smoking,25.5,39
2017,Ohio,Smoking,22.1,39
2015,Ohio,Smoking,22.4,39
2013,Ohio,Smoking,24.3,39
2015,Ohio,Healthy weight,32.3,39
2017,Oklahoma,Obesity,36.9,40
2020,Ohio,Obesity,35.8,39
2017,Ohio,Healthy weight,30.7,39
2015,Oklahoma,Obesity,33.9,40
2019,Ohio,Healthy weight,29.3,39
2018,Ohio,Obesity,34.0,39
2011,Oklahoma,Obesity,31.6,40
2012,Ohio,Healthy weight,33.3,39
2014,Ohio,Healthy weight,32.3,39
2018,Ohio,Healthy weight,30.4,39
2014,Ohio,Obesity,32.0,39
2012,Ohio,Obesity,30.1,39
2016,Ohio,Healthy weight,32.2,39
2011,Ohio,Obesity,29.4,39
2021,Oklahoma,Obesity,40.0,40
2018,Oklahoma,Obesity,35.1,40
2021,Oklahoma,Healthy weight,25.9,40
2016,Oklahoma,Obesity,33.1,40
2014,Oklahoma,Obesity,33.1,40
2015,Ohio,Obesity,29.4,39
2013,Ohio,Obesity,30.2,39
2016,Ohio,Obesity,31.4,39
2018,Ohio,Smoking,21.4,39
2015,Oregon,Healthy weight,33.6,41
2019,Oregon,Healthy weight,34.5,41
2013,Oregon,Healthy weight,38.6,41
2021,Oregon,Smoking,12.7,41
2011,Oregon,Healthy weight,37.0,41
2017,Oregon,Healthy weight,33.7,41
2011,Oregon,Obesity,26.5,41
2020,Oklahoma,Healthy weight,28.0,40
2021,Oregon,Obesity,30.6,41
2021,Oregon,Healthy weight,33.3,41
2015,Oregon,Obesity,30.1,41
2016,Oklahoma,Smoking,20.0,40
2019,Oregon,Obesity,28.8,41
2014,Oklahoma,Healthy weight,29.9,40
2017,Oregon,Obesity,29.0,41
2018,Oklahoma,Smoking,20.0,40
2014,Oregon,Obesity,27.7,41
2012,Oklahoma,Healthy weight,30.1,40
2014,Oklahoma,Smoking,21.4,40
2016,Oklahoma,Healthy weight,29.7,40
2020,Oklahoma,Smoking,19.6,40
2018,Oklahoma,Healthy weight,28.2,40
2011,Oklahoma,Smoking,26.4,40
2013,Oklahoma,Smoking,24.1,40
2017,Oklahoma,Smoking,20.7,40
2018,Oregon,Obesity,29.7,41
2019,Oklahoma,Smoking,19.4,40
2016,Oregon,Healthy weight,36.4,41
2015,Oklahoma,Healthy weight,29.8,40
2015,Oklahoma,Smoking,22.5,40
2013,Oklahoma,Healthy weight,30,40
2014,Oregon,Healthy weight,36.4,41
2011,Oklahoma,Healthy weight,32.2,40
2020,Oklahoma,Obesity,37.1,40
2017,Oklahoma,Healthy weight,28.0,40
2013,Oregon,Obesity,26.4,41
2019,Oklahoma,Healthy weight,26.2,40
2012,Oregon,Obesity,27.2,41
2012,Oregon,Healthy weight,37.6,41
2018,Oregon,Healthy weight,34.4,41
2016,Oregon,Obesity,28.6,41
2012,Oklahoma,Smoking,23.7,40
2017,Pennsylvania,Smoking,19.7,42
2018,Oregon,Smoking,16.0,41
2014,Pennsylvania,Obesity,30.3,42
2020,Oregon,Smoking,13.6,41
2019,Pennsylvania,Smoking,18.0,42
2016,Oregon,Smoking,16.7,41
2012,Oregon,Smoking,18.1,41
2014,Oregon,Smoking,17.5,41
2015,Pennsylvania,Smoking,19.0,42
2021,Pennsylvania,Obesity,33.3,42
2013,Pennsylvania,Smoking,21.8,42
2014,Pennsylvania,Healthy weight,34.8,42
2016,Pennsylvania,Obesity,30.0,42
2013,Puerto Rico,Smoking,11.1,72
2011,Pennsylvania,Smoking,23.2,42
2020,Oregon,Obesity,28.3,41
2016,Pennsylvania,Healthy weight,34.1,42
2017,Pennsylvania,Obesity,31.2,42
2019,Pennsylvania,Obesity,33.1,42
2018,Pennsylvania,Healthy weight,32.6,42
2011,Pennsylvania,Obesity,28.2,42
2020,Oregon,Healthy weight,33.9,41
2013,Pennsylvania,Obesity,30,42
2021,Pennsylvania,Smoking,14.9,42
2018,Pennsylvania,Smoking,17.8,42
2019,Oregon,Smoking,14.9,41
2018,Pennsylvania,Obesity,31.0,42
2017,Oregon,Smoking,16.6,41
2012,Pennsylvania,Healthy weight,33.8,42
2013,Oregon,Smoking,17.7,41
2017,Pennsylvania,Healthy weight,31.3,42
2015,Oregon,Smoking,17.5,41
2012,Pennsylvania,Smoking,22.6,42
2016,Pennsylvania,Smoking,18.9,42
2011,Pennsylvania,Healthy weight,34.5,42
2021,Pennsylvania,Healthy weight,33.3,42
2019,Pennsylvania,Healthy weight,30.3,42
2014,Pennsylvania,Smoking,20.6,42
2012,Pennsylvania,Obesity,28.8,42
2013,Pennsylvania,Healthy weight,34.1,42
2015,Pennsylvania,Obesity,29.9,42
2011,Oregon,Smoking,20.2,41
2015,Pennsylvania,Healthy weight,32.4,42
2021,Puerto Rico,Smoking,9.5,72
2019,Puerto Rico,Obesity,32.8,72
2011,Puerto Rico,Healthy weight,31.5,72
2013,Puerto Rico,Healthy weight,30.8,72
2012,Puerto Rico,Smoking,12.9,72
2020,Pennsylvania,Smoking,16.7,42
2014,Puerto Rico,Healthy weight,32.1,72
2016,Puerto Rico,Smoking,11.0,72
2011,Puerto Rico,Obesity,26.5,72
2018,Puerto Rico,Healthy weight,28.3,72
2020,Pennsylvania,Healthy weight,31.9,42
2021,Puerto Rico,Healthy weight,26.2,72
2016,Puerto Rico,Healthy weight,31.3,72
2020,Puerto Rico,Obesity,31.6,72
2017,Puerto Rico,Obesity,33.1,72
2012,Puerto Rico,Healthy weight,31.7,72
2018,Puerto Rico,Smoking,10.3,72
2020,Pennsylvania,Obesity,31.6,42
2013,Puerto Rico,Obesity,28.2,72
2015,Puerto Rico,Obesity,29.9,72
2015,Puerto Rico,Smoking,11.2,72
2015,Puerto Rico,Healthy weight,31.0,72
2019,Puerto Rico,Healthy weight,29.3,72
2017,Puerto Rico,Healthy weight,30.5,72
2012,Puerto Rico,Obesity,28.4,72
2016,Puerto Rico,Obesity,30.8,72
2018,Puerto Rico,Obesity,33.3,72
2014,Puerto Rico,Obesity,28.4,72
2014,Puerto Rico,Smoking,11.7,72
2020,Puerto Rico,Smoking,10.5,72
2020,Puerto Rico,Healthy weight,30.5,72
2011,Puerto Rico,Smoking,14.6,72
2019,Puerto Rico,Smoking,10.2,72
2017,Puerto Rico,Smoking,11.9,72
2021,Puerto Rico,Obesity,36.2,72
2021,South Carolina,Healthy weight,27.6,45
2017,Rhode Island,Obesity,30.0,44
2019,Rhode Island,Obesity,30.1,44
2015,Rhode Island,Obesity,26.3,44
2017,Rhode Island,Healthy weight,33.6,44
2021,Rhode Island,Obesity,30.6,44
2019,Rhode Island,Healthy weight,34.0,44
2021,South Carolina,Obesity,36.4,45
2012,Rhode Island,Smoking,18.0,44
2016,Rhode Island,Obesity,26.5,44
2011,Rhode Island,Smoking,20.6,44
2018,Rhode Island,Obesity,27.5,44
2021,South Carolina,Smoking,16.3,45
2014,Rhode Island,Smoking,17.1,44
2014,Rhode Island,Obesity,27.2,44
2012,Rhode Island,Obesity,25.9,44
2018,Rhode Island,Smoking,15.1,44
2021,Rhode Island,Smoking,12.9,44
2016,Rhode Island,Smoking,14.8,44
2016,Rhode Island,Healthy weight,34.9,44
2015,Rhode Island,Healthy weight,35.7,44
2021,Rhode Island,Healthy weight,32.0,44
2013,Rhode Island,Healthy weight,33.5,44
2018,Rhode Island,Healthy weight,33.9,44
2020,Rhode Island,Smoking,14.1,44
2013,Rhode Island,Smoking,18.3,44
2020,Rhode Island,Obesity,30.6,44
2019,Rhode Island,Smoking,13.8,44
2011,Rhode Island,Healthy weight,36.6,44
2011,Rhode Island,Obesity,25.5,44
2015,Rhode Island,Smoking,16.2,44
2017,Rhode Island,Smoking,15.6,44
2014,Rhode Island,Healthy weight,36.5,44
2012,Rhode Island,Healthy weight,35.7,44
2013,Rhode Island,Obesity,27.5,44
2020,Rhode Island,Healthy weight,33.7,44
2016,South Carolina,Obesity,32.5,45
2018,South Carolina,Healthy weight,28.5,45
2011,South Carolina,Smoking,23.6,45
2011,South Carolina,Healthy weight,32.5,45
2012,South Carolina,Obesity,31.8,45
2020,South Carolina,Obesity,36.7,45
2015,South Carolina,Smoking,20.3,45
2018,South Carolina,Obesity,34.5,45
2013,South Carolina,Smoking,22.7,45
2020,South Carolina,Smoking,19.1,45
2019,South Carolina,Healthy weight,29.0,45
2011,South Carolina,Obesity,30.8,45
2017,South Carolina,Healthy weight,30.4,45
2013,South Carolina,Obesity,32,45
2012,South Carolina,Healthy weight,32.4,45
2014,South Carolina,Healthy weight,31.5,45
2014,South Carolina,Obesity,32.2,45
2016,South Carolina,Healthy weight,30.9,45
2017,South Carolina,Smoking,19.6,45
2021,South Dakota,Obesity,38.9,46
2019,South Carolina,Obesity,35.5,45
2021,South Dakota,Healthy weight,26.5,46
2019,South Carolina,Smoking,18.4,45
2015,South Carolina,Healthy weight,32.3,45
2017,South Carolina,Obesity,34.5,45
2015,South Carolina,Obesity,31.9,45
2012,South Carolina,Smoking,23.0,45
2018,South Carolina,Smoking,18.7,45
2020,South Carolina,Healthy weight,28.9,45
2013,South Carolina,Healthy weight,32,45
2014,South Carolina,Smoking,22.3,45
2016,South Carolina,Smoking,20.8,45
2021,South Dakota,Smoking,16.3,46
2011,South Dakota,Healthy weight,34.0,46
2012,South Dakota,Smoking,22.5,46
2014,South Dakota,Smoking,19.2,46
2016,South Dakota,Smoking,19.1,46
2017,South Dakota,Obesity,31.6,46
2015,South Dakota,Obesity,30.6,46
2011,South Dakota,Obesity,28.6,46
2020,South Dakota,Healthy weight,29.1,46
2013,South Dakota,Healthy weight,31.6,46
2013,South Dakota,Obesity,29.9,46
2021,Tennessee,Obesity,35.5,47
2018,South Dakota,Smoking,20.1,46
2016,South Dakota,Obesity,30.1,46
2020,South Dakota,Smoking,19.0,46
2017,South Dakota,Healthy weight,30.9,46
2014,South Dakota,Obesity,30.1,46
2012,South Dakota,Obesity,28.1,46
2020,South Dakota,Obesity,33.4,46
2015,South Dakota,Healthy weight,34.5,46
2019,South Dakota,Healthy weight,28.2,46
2021,Tennessee,Healthy weight,26.5,47
2017,South Dakota,Smoking,20.5,46
2021,Tennessee,Smoking,20.2,47
2012,South Dakota,Healthy weight,32.2,46
2019,South Dakota,Obesity,33.1,46
2019,South Dakota,Smoking,19.0,46
2016,South Dakota,Healthy weight,31.8,46
2013,South Dakota,Smoking,20.0,46
2011,South Dakota,Smoking,23.5,46
2014,South Dakota,Healthy weight,33.5,46
2015,South Dakota,Smoking,20.9,46
2018,South Dakota,Healthy weight,30.7,46
2018,South Dakota,Obesity,30.2,46
2015,Tennessee,Obesity,34.1,47
2019,Tennessee,Obesity,36.6,47
2018,Tennessee,Healthy weight,31.2,47
2019,Tennessee,Smoking,20.8,47
2017,Tennessee,Smoking,23.2,47
2021,Texas,Smoking,13.3,48
2014,Tennessee,Healthy weight,31.5,47
2013,Tennessee,Obesity,33.8,47
2021,Texas,Obesity,36.2,48
2016,Tennessee,Healthy weight,29.7,47
2016,Tennessee,Smoking,22.4,47
2011,Tennessee,Obesity,29.0,47
2015,Tennessee,Healthy weight,30.1,47
2011,Tennessee,Healthy weight,32.1,47
2013,Tennessee,Healthy weight,29.9,47
2020,Tennessee,Smoking,19.7,47
2018,Tennessee,Smoking,21.0,47
2018,Tennessee,Obesity,34.3,47
2017,Tennessee,Obesity,32.9,47
2020,Tennessee,Healthy weight,28.6,47
2012,Tennessee,Smoking,25.3,47
2014,Tennessee,Smoking,24.9,47
2017,Tennessee,Healthy weight,29.8,47
2019,Tennessee,Healthy weight,28.9,47
2021,Texas,Healthy weight,28.2,48
2015,Tennessee,Smoking,22.2,47
2011,Tennessee,Smoking,23.4,47
2013,Tennessee,Smoking,24.4,47
2014,Tennessee,Obesity,31.2,47
2016,Tennessee,Obesity,35.1,47
2012,Tennessee,Healthy weight,32.9,47
2012,Tennessee,Obesity,31.1,47
2020,Tennessee,Obesity,35.8,47
2011,Texas,Obesity,30.3,48
2013,Texas,Obesity,30.9,48
2015,Texas,Obesity,32.3,48
2011,Texas,Healthy weight,32.3,48
2018,Texas,Smoking,14.3,48
2016,Texas,Smoking,14.3,48
2018,Texas,Obesity,35.0,48
2012,Texas,Obesity,29.3,48
2016,Texas,Obesity,33.8,48
2014,Texas,Obesity,31.8,48
2019,Texas,Healthy weight,28.4,48
2021,Utah,Healthy weight,32.6,49
2018,Texas,Healthy weight,29.1,48
2021,Utah,Smoking,7.3,49
2016,Texas,Healthy weight,29.5,48
2012,Texas,Healthy weight,33.0,48
2017,Texas,Smoking,15.9,48
2014,Texas,Healthy weight,30.3,48
2019,Texas,Smoking,14.9,48
2017,Texas,Obesity,33.3,48
2015,Texas,Smoking,15.1,48
2017,Texas,Healthy weight,28.6,48
2011,Texas,Smoking,18.8,48
2013,Texas,Smoking,15.7,48
2015,Texas,Healthy weight,29.5,48
2013,Texas,Healthy weight,31.7,48
2020,Texas,Smoking,13.3,48
2021,Utah,Obesity,31.6,49
2020,Texas,Healthy weight,28.0,48
2012,Texas,Smoking,17.9,48
2019,Texas,Obesity,34.1,48
2014,Texas,Smoking,14.5,48
2020,Texas,Obesity,35.8,48
2017,Utah,Smoking,8.9,49
2019,Utah,Obesity,29.9,49
2019,Utah,Smoking,7.9,49
2021,Virginia,Healthy weight,30.2,51
2014,Utah,Obesity,26.5,49
2016,Utah,Obesity,26.1,49
2020,Utah,Healthy weight,34.0,49
2017,Utah,Obesity,26.0,49
2015,Utah,Smoking,9.0,49
2011,Utah,Obesity,25.2,49
2011,Utah,Smoking,11.4,49
2013,Utah,Smoking,10.1,49
2013,Utah,Obesity,25,49
2020,Utah,Smoking,8.3,49
2018,Utah,Smoking,9.1,49
2016,Utah,Smoking,8.7,49
2013,Utah,Healthy weight,37.3,49
2021,Virginia,Obesity,34.2,51
2015,Utah,Obesity,25.2,49
2015,Utah,Healthy weight,37.2,49
2012,Utah,Smoking,10.2,49
2011,Utah,Healthy weight,37.3,49
2014,Utah,Smoking,9.5,49
2014,Utah,Healthy weight,37.1,49
2021,Virginia,Smoking,12.9,51
2019,Utah,Healthy weight,33.6,49
2017,Utah,Healthy weight,36.1,49
2020,Utah,Obesity,29.3,49
2018,Utah,Obesity,28.3,49
2012,Utah,Healthy weight,39.0,49
2016,Utah,Healthy weight,36.7,49
2012,Utah,Obesity,24.9,49
2018,Utah,Healthy weight,34.9,49
2014,Virginia,Smoking,19.8,51
2017,Virginia,Smoking,16.7,51
2015,Virginia,Smoking,16.8,51
2016,Virginia,Healthy weight,33.2,51
2012,Virginia,Healthy weight,34.7,51
2019,Virginia,Smoking,14.3,51
2014,Virginia,Healthy weight,34,51
2018,Virginia,Healthy weight,32.1,51
2015,Virginia,Obesity,29.2,51
2021,Virgin Islands,Healthy weight,31.6,78
2015,Virginia,Healthy weight,33.9,51
2017,Virginia,Healthy weight,32.3,51
2020,Virginia,Healthy weight,30.8,51
2011,Virginia,Obesity,28.8,51
2016,Virginia,Obesity,28.7,51
2013,Virginia,Healthy weight,34.2,51
2018,Virginia,Obesity,30.2,51
2013,Virginia,Obesity,27.2,51
2011,Virginia,Smoking,20.9,51
2013,Virginia,Smoking,19.0,51
2011,Virginia,Healthy weight,35.8,51
2020,Virginia,Smoking,13.9,51
2019,Virginia,Obesity,31.8,51
2017,Virginia,Obesity,30.0,51
2014,Virginia,Obesity,28.2,51
2012,Virginia,Obesity,27.0,51
2019,Virginia,Healthy weight,32.4,51
2012,Virginia,Smoking,18.9,51
2021,Virgin Islands,Obesity,35.1,78
2021,Virgin Islands,Smoking,,78
2018,Virginia,Smoking,15.2,51
2020,Virginia,Obesity,32.4,51
2016,Virginia,Smoking,15.5,51
2021,Vermont,Smoking,16.1,50
2018,Virgin Islands,Obesity,,78
2014,Virgin Islands,Smoking,,78
2012,Virgin Islands,Smoking,,78
2014,Virgin Islands,Obesity,,78
2016,Virgin Islands,Obesity,32.5,78
2016,Virgin Islands,Smoking,6.2,78
2018,Virgin Islands,Smoking,,78
2013,Virgin Islands,Healthy weight,,78
2015,Virgin Islands,Healthy weight,,78
2016,Virgin Islands,Healthy weight,34.4,78
2011,Virgin Islands,Healthy weight,,78
2019,Virgin Islands,Healthy weight,,78
2017,Virgin Islands,Healthy weight,,78
2012,Virgin Islands,Obesity,,78
2021,Vermont,Obesity,29.4,50
2020,Virgin Islands,Healthy weight,,78
2014,Virgin Islands,Healthy weight,,78
2012,Virgin Islands,Healthy weight,,78
2020,Virgin Islands,Obesity,,78
2018,Virgin Islands,Healthy weight,,78
2011,Virgin Islands,Smoking,,78
2020,Virgin Islands,Smoking,,78
2011,Virgin Islands,Obesity,,78
2019,Virgin Islands,Obesity,,78
2017,Virgin Islands,Obesity,,78
2015,Virgin Islands,Obesity,,78
2019,Virgin Islands,Smoking,,78
2013,Virgin Islands,Smoking,,78
2021,Vermont,Healthy weight,36.8,50
2013,Virgin Islands,Obesity,,78
2015,Virgin Islands,Smoking,,78
2017,Virgin Islands,Smoking,,78
2020,Vermont,Healthy weight,36.7,50
2018,Vermont,Obesity,27.5,50
2018,Vermont,Healthy weight,37.8,50
2016,Vermont,Healthy weight,37.0,50
2016,Vermont,Obesity,27.2,50
2012,Vermont,Obesity,23.3,50
2011,Vermont,Obesity,25.4,50
2014,Vermont,Obesity,24.8,50
2019,Vermont,Smoking,16.2,50
2015,Vermont,Healthy weight,39.0,50
2015,Vermont,Obesity,25.0,50
2019,Vermont,Obesity,27.1,50
2017,Vermont,Obesity,27.7,50
2017,Vermont,Healthy weight,36.2,50
2013,Vermont,Obesity,24.9,50
2019,Vermont,Healthy weight,38.3,50
2016,Vermont,Smoking,18.1,50
2018,Vermont,Smoking,14.6,50
2014,Vermont,Smoking,18.1,50
2020,Vermont,Smoking,14.4,50
2012,Vermont,Smoking,17.2,50
2011,Vermont,Healthy weight,39.3,50
2013,Vermont,Healthy weight,36.8,50
2015,Vermont,Smoking,16.7,50
2017,Vermont,Smoking,17.3,50
2013,Vermont,Smoking,17.7,50
2020,Vermont,Obesity,26.3,50
2011,Vermont,Smoking,20.1,50
2014,Vermont,Healthy weight,38.5,50
2021,Washington,Smoking,10.8,53
2021,Washington,Healthy weight,34.5,53
2012,Vermont,Healthy weight,38.8,50
2021,Washington,Obesity,28.7,53
2014,Wisconsin,Obesity,31.3,55
2011,Washington,Obesity,26.4,53
2013,Washington,Obesity,26.9,53
2015,Washington,Smoking,15.1,53
2012,Wisconsin,Obesity,29.3,55
2021,Wisconsin,Healthy weight,30.3,55
2018,Washington,Obesity,28.5,53
2016,Washington,Obesity,28.6,53
2012,Washington,Smoking,17.2,53
2018,Wisconsin,Obesity,32.3,55
2016,Wisconsin,Obesity,30.6,55
2020,Washington,Healthy weight,34.3,53
2021,Wisconsin,Smoking,13.8,55
2019,Washington,Smoking,12.9,53
2015,Washington,Obesity,26.2,53
2017,Washington,Smoking,13.7,53
2019,Wisconsin,Obesity,34.3,55
2021,Wisconsin,Obesity,33.5,55
2017,Washington,Obesity,27.6,53
2019,Washington,Obesity,28.2,53
2017,Wisconsin,Obesity,31.9,55
2013,Washington,Smoking,16.2,53
2011,Washington,Smoking,17.4,53
2020,Washington,Smoking,11.6,53
2011,Washington,Healthy weight,37.3,53
2018,Washington,Smoking,12.3,53
2017,Washington,Healthy weight,36.2,53
2014,Washington,Smoking,15.6,53
2015,Washington,Healthy weight,36.4,53
2019,Washington,Healthy weight,34.6,53
2016,Washington,Smoking,14.2,53
2013,Washington,Healthy weight,37.1,53
2012,Washington,Obesity,26.7,53
2020,Washington,Obesity,28.0,53
2013,Wisconsin,Obesity,29.6,55
2014,Washington,Obesity,27.0,53
2011,Wisconsin,Obesity,27.4,55
2015,Wisconsin,Obesity,30.6,55
2014,Washington,Healthy weight,34.9,53
2016,Washington,Healthy weight,34.8,53
2012,Washington,Healthy weight,36.4,53
2018,Washington,Healthy weight,35.0,53
2015,West Virginia,Healthy weight,27.3,54
2021,West Virginia,Healthy weight,25.2,54
2017,West Virginia,Healthy weight,27.9,54
2019,West Virginia,Healthy weight,26.5,54
2021,West Virginia,Smoking,24.1,54
2011,West Virginia,Healthy weight,29.1,54
2013,West Virginia,Healthy weight,29.7,54
2013,West Virginia,Obesity,35.5,54
2014,Wisconsin,Smoking,17.9,55
2020,Wisconsin,Healthy weight,30.4,55
2011,Wisconsin,Healthy weight,34.9,55
2019,Wisconsin,Healthy weight,29.0,55
2015,Wisconsin,Smoking,17.8,55
2013,Wisconsin,Smoking,19.2,55
2013,Wisconsin,Healthy weight,31.6,55
2017,Wisconsin,Healthy weight,32.0,55
2012,West Virginia,Obesity,34.0,54
2012,Wisconsin,Smoking,20.7,55
2019,West Virginia,Obesity,39.7,54
2015,Wisconsin,Healthy weight,33.2,55
2020,Wisconsin,Smoking,16.1,55
2017,West Virginia,Obesity,38.1,54
2015,West Virginia,Obesity,35.6,54
2016,Wisconsin,Smoking,17.8,55
2018,Wisconsin,Smoking,17.1,55
2018,Wisconsin,Healthy weight,30.2,55
2016,Wisconsin,Healthy weight,32.5,55
2012,Wisconsin,Healthy weight,32.2,55
2016,West Virginia,Healthy weight,27.8,54
2018,West Virginia,Obesity,39.8,54
2012,West Virginia,Healthy weight,30.3,54
2018,West Virginia,Healthy weight,26.6,54
2014,West Virginia,Obesity,35.9,54
2014,Wisconsin,Healthy weight,31.4,55
2011,West Virginia,Obesity,32.1,54
2011,Wisconsin,Smoking,21.3,55
2016,West Virginia,Obesity,37.6,54
2021,West Virginia,Obesity,41.0,54
2017,Wisconsin,Smoking,16.6,55
2014,West Virginia,Healthy weight,28.8,54
2019,Wisconsin,Smoking,16.2,55
2020,Wisconsin,Obesity,32.7,55
2019,Wyoming,Healthy weight,33.3,56
2011,West Virginia,Smoking,30.2,54
2012,Wyoming,Obesity,24.7,56
2019,West Virginia,Smoking,25.9,54
2016,Wyoming,Obesity,28.1,56
2018,Wyoming,Obesity,29.3,56
2014,Wyoming,Obesity,29.8,56
2017,West Virginia,Smoking,28.1,54
2015,West Virginia,Smoking,27.4,54
2013,West Virginia,Smoking,28.9,54
2016,Wyoming,Healthy weight,34.2,56
2013,Wyoming,Obesity,27.7,56
2011,Wyoming,Obesity,25.1,56
2013,Wyoming,Healthy weight,34.5,56
2011,Wyoming,Healthy weight,36.9,56
2017,Wyoming,Obesity,28.8,56
2015,Wyoming,Healthy weight,33.0,56
2012,West Virginia,Smoking,29.8,54
2015,Wyoming,Obesity,29.1,56
2021,Wyoming,Smoking,17.1,56
2020,West Virginia,Smoking,24.0,54
2018,West Virginia,Smoking,26.9,54
2012,Wyoming,Smoking,22.5,56
2014,West Virginia,Smoking,28.2,54
2016,West Virginia,Smoking,26.4,54
2019,Wyoming,Obesity,29.6,56
2021,Wyoming,Healthy weight,29.2,56
2012,Wyoming,Healthy weight,35.0,56
2015,Wyoming,Smoking,19.6,56
2014,Wyoming,Healthy weight,32.9,56
2020,West Virginia,Obesity,39.6,54
2013,Wyoming,Smoking,20.8,56
2014,Wyoming,Smoking,19.9,56
2018,Wyoming,Healthy weight,34.2,56
2021,Wyoming,Obesity,32.2,56
2016,Wyoming,Smoking,19.5,56
2011,Wyoming,Smoking,23.1,56
2020,West Virginia,Healthy weight,27.4,54
2017,Wyoming,Healthy weight,33.7,56
2020,Wyoming,Obesity,30.6,56
2018,Wyoming,Smoking,19.3,56
2020,Wyoming,Smoking,19.4,56
2020,Wyoming,Healthy weight,31.5,56
2019,Wyoming,Smoking,18.9,56
2017,Wyoming,Smoking,19.4,56
